ticker,horizon,model,realized_ann_vol,vol_error,sharpe,max_drawdown,mean_leverage,turnover,var_violation_rate,var_p_uc,var_p_ind,var_p_cc,var_mean_level
AAPL,1,ewma,0.13614319100606445,0.036143191006064446,0.8634017706386641,-0.24503093069731618,0.5284587421741891,0.012777920882239354,0.053806175481504126,0.3235573391117139,0.01859983466327686,0.03851788382608645,-0.02620452452476381
AAPL,1,garch11,0.13467809383076795,0.03467809383076795,0.888456147224473,-0.2452131217684984,0.5235922110816419,0.020623428671912154,0.05227759095077958,0.5528716038875297,0.9837440887063396,0.8383609830279568,-0.026386288307441864
AAPL,1,gbm_gated,0.13614158995445025,0.03614158995445024,0.9633035643265917,-0.23056989703720954,0.5445947982004635,0.10054669687022305,0.053194741669214306,0.4064708915149129,0.22957973781865937,0.3442864421302305,-0.026534063695375556
AAPL,1,gbm_pooled,0.13375903951163723,0.03375903951163722,0.9057662456226075,-0.23417049624633823,0.5304021893894914,0.0729342062647402,0.051971874044634665,0.6070524478869648,0.45820985415784765,0.6653934637688232,-0.025878066570110075
AAPL,1,har,0.1354927816428026,0.03549278164280259,0.8693095276700531,-0.2459946474324073,0.5284595300263242,0.0354565301540767,0.05472332619993886,0.22182148338544527,0.9458620328755042,0.47303794421464773,-0.02627912822639094
AAPL,1,regime_features,0.13183605240934138,0.03183605240934137,0.8921321923449412,-0.22686878973233593,0.5312825571020421,0.08167268803188217,0.0498318557016203,0.9647868004205822,0.963080211347325,0.9979562706759882,-0.025776981691384173
AAPL,1,regime_gate_shuffle,0.1325971305213252,0.03259713052132521,0.8895852678701999,-0.21437205826362604,0.5266644875457346,0.08632032260496542,0.05044328951391012,0.9075218766436027,0.37383328058162424,0.6688545856152548,-0.026006321779835032
AAPL,1,regime_normal,0.13315276125594025,0.033152761255940244,0.9103348126803302,-0.2279217911674397,0.532674060187295,0.07430147334295611,0.0528890247630694,0.452424683094097,0.957420255298925,0.7529846765709007,-0.025724524599261642
AAPL,1,regime_shrunk,0.13218287905081208,0.032182879050812074,0.9043504452323567,-0.22818714333122958,0.5288103625554308,0.0746952953455813,0.051971874044634665,0.6070524478869648,0.9542634977017613,0.874686737893635,-0.02554588023360741
AAPL,1,regime_single,0.13188954612223616,0.031889546122236156,0.8931709811534979,-0.2234212436201667,0.5311448115965364,0.08380431178134681,0.0498318557016203,0.9647868004205822,0.41256829823447205,0.7141457360814092,-0.025792459065714247
AAPL,1,ridge,0.13188954612223616,0.031889546122236156,0.8931709811534979,-0.2234212436201667,0.5311448115965364,0.08380431178134681,0.0498318557016203,0.9647868004205822,0.41256829823447205,0.7141457360814092,-0.025792459065714247
AAPL,1,rw_vol,0.42880937620160986,0.3288093762016099,0.5721078372695388,-0.5781287750942448,1.2338010762941618,1.1825774363708363,0.04952613879547539,0.9008905089572621,,,-0.07676605848008664
AAPL,5,ewma,0.11096897237644171,0.010968972376441705,0.868527183210553,-0.20176101789653467,0.42989758934612965,0.009475820404953544,,,,,
AAPL,5,garch11,0.10961629148575913,0.009616291485759126,0.889917630753196,-0.20218795570668346,0.42472922532296553,0.015149535196073788,,,,,
AAPL,5,gbm_gated,0.11026688957001082,0.010266889570010818,0.8816941780501768,-0.19508271934949728,0.43180516303793987,0.048466949819831934,,,,,
AAPL,5,gbm_pooled,0.10981086532689546,0.009810865326895457,0.8963608532925218,-0.20364516746204608,0.43011299700186445,0.03570286748378917,,,,,
AAPL,5,har,0.10984681944125434,0.009846819441254331,0.8662100476200225,-0.20468159902080385,0.4262012241836825,0.021718638797111077,,,,,
AAPL,5,regime_features,0.1083277454852889,0.00832774548528889,0.9008676363031357,-0.20150904221475496,0.4320900565397119,0.035935585120890554,,,,,
AAPL,5,regime_gate_shuffle,0.11220960143486254,0.012209601434862535,0.9385544336963015,-0.18890291659736413,0.43060103856405124,0.053338176638571655,,,,,
AAPL,5,regime_normal,0.10874340847240399,0.008743408472403985,0.8951593313871152,-0.18573479424233352,0.4301153081008929,0.040080700285419026,,,,,
AAPL,5,regime_shrunk,0.10854193430120161,0.008541934301201606,0.8961088250159516,-0.19125396614704848,0.42977993218932736,0.03603853337034531,,,,,
AAPL,5,regime_single,0.1080319666972901,0.008031966697290088,0.9052552241865566,-0.19545714453769591,0.43019052131805424,0.03467822818492555,,,,,
AAPL,5,ridge,0.1080319666972901,0.008031966697290088,0.9052552241865566,-0.19545714453769591,0.43019052131805424,0.03467822818492555,,,,,
AAPL,5,rw_vol,0.1416258723435047,0.041625872343504705,0.7824275762362506,-0.2642903903263124,0.5511734301909643,0.1031014143158951,,,,,
AAPL,20,ewma,0.10319935756436045,0.003199357564360447,0.8573733656774137,-0.1859394524377257,0.3925308263840425,0.006475474751103909,,,,,
AAPL,20,garch11,0.10213636285558844,0.002136362855588436,0.8816764461108727,-0.18452448871889293,0.3886965200851695,0.009885738844452145,,,,,
AAPL,20,gbm_gated,0.10519114069337665,0.005191140693376645,0.8761087231401148,-0.19630533908197312,0.40071164131491505,0.032601987234928034,,,,,
AAPL,20,gbm_pooled,0.10532790740838988,0.00532790740838987,0.8326933708036465,-0.20532018996089096,0.4012827296446996,0.024797809058914,,,,,
AAPL,20,har,0.10209289236094728,0.002092892360947271,0.8565213000393302,-0.18640597414996696,0.38934221837386274,0.01616459805065185,,,,,
AAPL,20,regime_features,0.10282124395023669,0.002821243950236682,0.8576936389313922,-0.19204305416043377,0.3947773130683871,0.021209447834679297,,,,,
AAPL,20,regime_gate_shuffle,0.10630334320253904,0.00630334320253903,0.8230397746480997,-0.19958097246258522,0.4029204064302718,0.03908907610817001,,,,,
AAPL,20,regime_normal,0.1055566980316421,0.0055566980316420905,0.8548512065904438,-0.20247032295761458,0.40481492312643197,0.02759531601016437,,,,,
AAPL,20,regime_shrunk,0.10452395575540097,0.00452395575540096,0.842657348083239,-0.1985920785252454,0.39935350687475174,0.02373572097911307,,,,,
AAPL,20,regime_single,0.1029803784244579,0.0029803784244578913,0.8492968139839057,-0.1930697839943798,0.39486262408362366,0.0201463776016429,,,,,
AAPL,20,ridge,0.1029803784244579,0.0029803784244578913,0.8492968139839057,-0.1930697839943798,0.39486262408362366,0.0201463776016429,,,,,
AAPL,20,rw_vol,0.11344534470226526,0.013445344702265258,0.8724335179928214,-0.21572789528254932,0.44431567382741066,0.017102504298738927,,,,,
BTC-USD,1,ewma,0.13866092531327154,0.03866092531327153,0.7684161370935436,-0.3489194612515283,0.3070681350655362,0.007875468352372997,0.049773755656108594,0.9698248143486171,0.057231806564685406,0.16387758375773442,-0.04249274355654163
BTC-USD,1,garch11,0.13248302469336193,0.03248302469336192,0.731809269089364,-0.33492453646993914,0.2871913889144558,0.012799614778284528,0.048265460030165915,0.7707313375962249,0.1190362715728952,0.2843810729893701,-0.044481103228794686
BTC-USD,1,gbm_gated,0.1346181782857818,0.03461817828578179,0.5920240998697239,-0.35276469758412987,0.3010207859192268,0.0631746351021875,0.049019607843137254,0.8694827899809761,0.644581263250595,0.887009133960787,-0.04437322898584606
BTC-USD,1,gbm_pooled,0.13502173769574372,0.03502173769574371,0.5868181621142644,-0.40714584552677435,0.2923520871169342,0.0371760178061441,0.04524886877828054,0.42010734840066866,0.18945029330918273,0.3054555257124284,-0.045174137434812384
BTC-USD,1,har,0.1343775412504771,0.034377541250477095,0.7172792028118575,-0.3462000290955328,0.295222852510133,0.02034280794363045,0.04675716440422323,0.584021679144231,0.2366955418990997,0.42742661461988707,-0.04449908565210694
BTC-USD,1,regime_features,0.1407873054425642,0.0407873054425642,0.6883268508717659,-0.3543822052116713,0.3123982446485611,0.06823006029503502,0.04524886877828054,0.42010734840066866,0.8594058178827216,0.7112757588628911,-0.044924554614157564
BTC-USD,1,regime_gate_shuffle,0.13276839506349922,0.03276839506349921,0.79798123090843,-0.32393881020585336,0.28766557981506674,0.06557716610351269,0.049019607843137254,0.8694827899809761,0.3208160229406689,0.602716581009147,-0.04615205060653113
BTC-USD,1,regime_normal,0.13681725147927762,0.03681725147927761,0.6749834299055859,-0.35008442784220584,0.298320571268572,0.06524990634132387,0.049019607843137254,0.8694827899809761,0.644581263250595,0.887009133960787,-0.043795194942411395
BTC-USD,1,regime_shrunk,0.1358526625513482,0.0358526625513482,0.6674663648601592,-0.3489902563106472,0.2998256859679299,0.060305792235099846,0.04751131221719457,0.6751072667826752,0.5603223078852958,0.7730464319933135,-0.043886915219904406
BTC-USD,1,regime_single,0.14004673878604418,0.04004673878604417,0.6729877312686368,-0.36109657689236496,0.3083810859890673,0.05893671968005249,0.0444947209653092,0.34896072749015583,0.8135448198231283,0.6272373386061453,-0.044093249581732184
BTC-USD,1,ridge,0.14004673878604418,0.04004673878604417,0.6729877312686368,-0.36109657689236496,0.3083810859890673,0.05893671968005249,0.0444947209653092,0.34896072749015583,0.8135448198231283,0.6272373386061453,-0.044093249581732184
BTC-USD,1,rw_vol,0.5746764994405443,0.47467649944054435,0.4903116758945373,-0.8224988843139636,0.93948418820855,1.002299982645729,0.04675716440422323,0.584021679144231,0.18018606545993354,0.3506617003412945,-0.14716829108960017
BTC-USD,5,ewma,0.10591542410021908,0.005915424100219072,0.7523188131660522,-0.2790548551392089,0.23186643162907727,0.004861708102433429,,,,,
BTC-USD,5,garch11,0.10258251772941422,0.002582517729414216,0.7256429486689991,-0.2685327985519367,0.2202398854713599,0.008056094568456972,,,,,
BTC-USD,5,gbm_gated,0.10576532690492728,0.005765326904927273,0.612326383522503,-0.28902136498923026,0.23293900358018366,0.03638172490887838,,,,,
BTC-USD,5,gbm_pooled,0.10449445951192629,0.004494459511926285,0.6752830413031566,-0.28010115441044003,0.2297561001258168,0.023317364019564836,,,,,
BTC-USD,5,har,0.10351797047506972,0.003517970475069715,0.7224810348026838,-0.27310649185528324,0.2252539054376279,0.010930384653577893,,,,,
BTC-USD,5,regime_features,0.1051125105884825,0.0051125105884824995,0.7047177810830562,-0.2824283386688127,0.23112939637356586,0.02032968554931241,,,,,
BTC-USD,5,regime_gate_shuffle,0.10163823561991064,0.0016382356199106385,0.6869470685674169,-0.2769497452892601,0.22327311713949094,0.032998233576064816,,,,,
BTC-USD,5,regime_normal,0.10387843596230716,0.00387843596230715,0.6828603230344289,-0.29497525703636773,0.23020766278367483,0.029201615069427856,,,,,
BTC-USD,5,regime_shrunk,0.10421101948862313,0.0042110194886231245,0.6854178347013684,-0.28319033663510396,0.22995128831428935,0.01905560068317954,,,,,
BTC-USD,5,regime_single,0.10492148749275557,0.004921487492755561,0.679423031828986,-0.2824691364124472,0.2303847010450499,0.01855781639661206,,,,,
BTC-USD,5,ridge,0.10492148749275557,0.004921487492755561,0.679423031828986,-0.2824691364124472,0.2303847010450499,0.01855781639661206,,,,,
BTC-USD,5,rw_vol,0.1513997008461579,0.051399700846157886,0.7628059328514113,-0.3462883411174166,0.33175129035094036,0.07288009205900445,,,,,
BTC-USD,20,ewma,0.09319620210235532,0.006803797897644681,0.7319195616767197,-0.24893746246305315,0.19926704261025618,0.002670974448180033,,,,,
BTC-USD,20,garch11,0.09174017281194745,0.008259827188052557,0.7204148409513031,-0.24102733655275044,0.19316199150091057,0.004283921110296266,,,,,
BTC-USD,20,gbm_gated,0.09472770325577796,0.005272296744222041,0.6464924584834777,-0.256134137887819,0.2028097455685295,0.02058340570043859,,,,,
BTC-USD,20,gbm_pooled,0.0938047448843783,0.006195255115621703,0.6225031685396435,-0.26468171215221714,0.20150856572416742,0.016620168044206983,,,,,
BTC-USD,20,har,0.09177934741058062,0.008220652589419383,0.7139587880920828,-0.24408582423363634,0.19588431013066934,0.007019782175508768,,,,,
BTC-USD,20,regime_features,0.09256756054482837,0.0074324394551716355,0.6540253137798682,-0.25795077672554034,0.1980480650855167,0.013301313785233446,,,,,
BTC-USD,20,regime_gate_shuffle,0.09054115678879623,0.009458843211203771,0.6106048590999318,-0.2504553914436436,0.19201831568332547,0.023017759900679807,,,,,
BTC-USD,20,regime_normal,0.09098956640223155,0.009010433597768458,0.6505913225065928,-0.25635957289543476,0.19543492381685335,0.016678528201417627,,,,,
BTC-USD,20,regime_shrunk,0.09190183372623155,0.008098166273768456,0.6643133393693769,-0.2524992832874071,0.19685726162490783,0.010988068127098748,,,,,
BTC-USD,20,regime_single,0.09275081340220329,0.00724918659779672,0.6647095378526915,-0.2537514405937349,0.1983128882902995,0.009403797614963034,,,,,
BTC-USD,20,ridge,0.09275081340220329,0.00724918659779672,0.6647095378526915,-0.2537514405937349,0.1983128882902995,0.009403797614963034,,,,,
BTC-USD,20,rw_vol,0.11443148226268947,0.014431482262689463,0.7203888367611022,-0.3041648463261444,0.2554307723587175,0.01061916101344064,,,,,
EEM,1,ewma,0.1292796599017894,0.029279659901789407,0.11707897374297634,-0.3628255109670012,0.7103316570325767,0.017763859722906148,0.053194741669214306,0.4064708915149129,0.12302046267889899,0.2157211010372332,-0.02004176344749734
EEM,1,garch11,0.126777092821495,0.026777092821494985,0.11830030187721974,-0.3495992306624589,0.699476941001032,0.03284796741724185,0.051971874044634665,0.6070524478869648,0.9542634977017613,0.874686737893635,-0.019577821778313197
EEM,1,gbm_gated,0.13019933766318695,0.030199337663186943,0.025021811958120848,-0.40988957284315397,0.689882977212288,0.10698909201071152,0.05350045857535922,0.3634989342716898,0.5818362665846502,0.5686318692689941,-0.020339366935981654
EEM,1,gbm_pooled,0.12258588395729846,0.02258588395729845,0.13318550439788895,-0.3600465276356293,0.6557634519765204,0.06004548692571067,0.05533476001222867,0.16840199802507383,0.3380144660909523,0.2447471911831044,-0.01941640893407265
EEM,1,har,0.12967269237024562,0.029672692370245612,0.1406189837455482,-0.3528887088750363,0.7143276422553587,0.06811704679694287,0.052583307856924486,0.5012696499889724,0.741865863423081,0.755503843269519,-0.020023804091683636
EEM,1,regime_features,0.1254193508177096,0.0254193508177096,0.1120835052001676,-0.330806728619763,0.6891227375161719,0.07718209476176885,0.053806175481504126,0.3235573391117139,0.24880651515829344,0.31592430991483433,-0.019681127349681776
EEM,1,regime_gate_shuffle,0.12526592630058234,0.02526592630058233,0.1590165606173017,-0.3296076593599315,0.6781105769608361,0.07678199854627249,0.05350045857535922,0.3634989342716898,0.23306274845085084,0.32500326352548714,-0.019550572441507093
EEM,1,regime_normal,0.12518306854162023,0.025183068541620224,0.11056501894087131,-0.3387832947266727,0.6818603740673493,0.06162334524325126,0.052583307856924486,0.5012696499889724,0.741865863423081,0.755503843269519,-0.019684220150397686
EEM,1,regime_shrunk,0.12456177454390113,0.024561774543901127,0.11577293587065196,-0.3339219719505462,0.6801305808069005,0.06003747683060454,0.051971874044634665,0.6070524478869648,0.45820985415784765,0.6653934637688232,-0.019513783940823825
EEM,1,regime_single,0.12622683437042595,0.026226834370425944,0.12675522786544868,-0.3251748038232547,0.693758519806307,0.08611321204227038,0.05136044023234485,0.7222243965398011,0.41293368066920044,0.6714237353322074,-0.01975520776644306
EEM,1,ridge,0.12622683437042595,0.026226834370425944,0.12675522786544868,-0.3251748038232547,0.693758519806307,0.08611321204227038,0.05136044023234485,0.7222243965398011,0.41293368066920044,0.6714237353322074,-0.01975520776644306
EEM,1,rw_vol,0.3400747482660424,0.2400747482660424,0.23156244325580297,-0.7206086201185435,1.3919282900619543,1.2426432669670353,0.04952613879547539,0.9008905089572621,0.0011717172990525215,0.005118140832115814,-0.06257087090223504
EEM,5,ewma,0.10720826163246386,0.007208261632463853,0.11706819871878707,-0.3040559793563552,0.5849863220319259,0.013452124893103146,,,,,
EEM,5,garch11,0.10472482173152241,0.004724821731522402,0.13020334975033124,-0.2909580910221894,0.5737913274812865,0.023463440650098432,,,,,
EEM,5,gbm_gated,0.10488734542619615,0.004887345426196149,0.10431437257127797,-0.3120518480792911,0.5645952135264551,0.04764789035491289,,,,,
EEM,5,gbm_pooled,0.10438949409630867,0.004389494096308663,0.10075166796160828,-0.32312926918660945,0.560518544096642,0.03676623258406983,,,,,
EEM,5,har,0.10626672075643384,0.006266720756433836,0.1475951589876019,-0.29986708590978495,0.5833562650556325,0.04362371067147561,,,,,
EEM,5,regime_features,0.10488943232792543,0.004889432327925422,0.12887857081443185,-0.2846746222931812,0.5802806270409402,0.04882684605260314,,,,,
EEM,5,regime_gate_shuffle,0.10340070061925959,0.0034007006192595807,0.14813289357625786,-0.27619875659859305,0.5657948615175559,0.04930840801213149,,,,,
EEM,5,regime_normal,0.10337904046931529,0.003379040469315281,0.11867702077968066,-0.2858212315020604,0.565212341267121,0.03757873085112651,,,,,
EEM,5,regime_shrunk,0.10409375750041742,0.004093757500417419,0.12569527137754719,-0.28455879377824056,0.572065383266915,0.039622188528604864,,,,,
EEM,5,regime_single,0.10576366971953229,0.00576366971953228,0.13504265445497535,-0.28708938061144695,0.5863602220815497,0.050058226444018125,,,,,
EEM,5,ridge,0.10576366971953229,0.00576366971953228,0.13504265445497535,-0.28708938061144695,0.5863602220815497,0.050058226444018125,,,,,
EEM,5,rw_vol,0.1297446747653253,0.029744674765325302,0.15241918011604277,-0.4086899882484091,0.707635185133176,0.12241713220323582,,,,,
EEM,20,ewma,0.09920081081729856,0.000799189182701443,0.1431918391607385,-0.26847117309533863,0.5300670102329015,0.009151579048162137,,,,,
EEM,20,garch11,0.09731793965361119,0.0026820603463888204,0.1642200944946076,-0.25728283941541774,0.5200117015101599,0.014009758214857348,,,,,
EEM,20,gbm_gated,0.10014805988107074,0.0001480598810707362,0.14875729315273603,-0.2644754700214572,0.530443053601943,0.035349251765074044,,,,,
EEM,20,gbm_pooled,0.09962469492768167,0.0003753050723183382,0.12002725121921316,-0.2955271427477165,0.5277500500780119,0.027326746050612152,,,,,
EEM,20,har,0.09848813227384559,0.0015118677261544144,0.15072264057745605,-0.27201277349766007,0.5279029082991062,0.02838048540617425,,,,,
EEM,20,regime_features,0.09817522956679971,0.0018247704332002984,0.1475654572002328,-0.2610500177730316,0.5315608013937635,0.03517618503010378,,,,,
EEM,20,regime_gate_shuffle,0.10308801708685494,0.0030880170868549384,0.19972995386997572,-0.2455324776627008,0.5399997217369658,0.05239715362202637,,,,,
EEM,20,regime_normal,0.09839588608020171,0.0016041139197982973,0.1511668982660694,-0.2622180641134141,0.526603645178427,0.02970966335549069,,,,,
EEM,20,regime_shrunk,0.09768148859185964,0.002318511408140364,0.1685568926646271,-0.2582526538757036,0.52470510295272,0.029686821582620117,,,,,
EEM,20,regime_single,0.09866808882012064,0.0013319111798793665,0.1417320044093449,-0.26249411937922296,0.5330511714333007,0.03217575871886452,,,,,
EEM,20,ridge,0.09866808882012064,0.0013319111798793665,0.1417320044093449,-0.26249411937922296,0.5330511714333007,0.03217575871886452,,,,,
EEM,20,rw_vol,0.10860352765774417,0.008603527657744164,0.08541298645292775,-0.3010149064748642,0.5974807457468925,0.020561681713269494,,,,,
EFA,1,ewma,0.13342560930755046,0.03342560930755045,0.2886267411604846,-0.28887459747050237,0.9215597090619398,0.024239937412893726,0.05105472332619994,0.7826521086026035,0.014928105397367997,0.049761327441450454,-0.01645403587656232
EFA,1,garch11,0.13059616593846,0.030596165938459985,0.30148472337885734,-0.26204545504457255,0.9004900707928124,0.046702619281107006,0.05044328951391012,0.9075218766436027,0.5524037847022545,0.8325505292320294,-0.01628918518147111
EFA,1,gbm_gated,0.1323923160381201,0.032392316038120095,0.3476584257574521,-0.30746582055750704,0.8953459939552667,0.15628764546638432,0.05105472332619994,0.7826521086026035,0.8472643358740654,0.9449720318848989,-0.01621100283789351
EFA,1,gbm_pooled,0.13083200286070515,0.030832002860705143,0.29031432662159606,-0.28184600877950206,0.8716944879843362,0.10703187929075905,0.0528890247630694,0.452424683094097,0.0131998089616151,0.03496698437998769,-0.016373462160257517
EFA,1,har,0.13215480109650998,0.03215480109650998,0.3590495559924568,-0.28371772532123996,0.915590515204503,0.07467785794590251,0.0498318557016203,0.9647868004205822,0.7504347966923567,0.9497490141748999,-0.016372894642441977
EFA,1,regime_features,0.13208600156852365,0.03208600156852365,0.23778766255438705,-0.2581538407507695,0.9068982592845388,0.12406995185710844,0.05105472332619994,0.7826521086026035,0.6043496622526461,0.8417322809707222,-0.016057520351372576
EFA,1,regime_gate_shuffle,0.13068260860452358,0.03068260860452357,0.3503317622418344,-0.244459186554566,0.8906752841582674,0.14829236372965202,0.053194741669214306,0.4064708915149129,0.12302046267889899,0.2157211010372332,-0.015859002668407955
EFA,1,regime_normal,0.13015507927347844,0.030155079273478436,0.3235236830924227,-0.28263354594292445,0.8978304547962526,0.11707999073592754,0.0498318557016203,0.9647868004205822,0.17855506865067772,0.4042267465956385,-0.01615030190870982
EFA,1,regime_shrunk,0.1307152498269194,0.030715249826919394,0.31244898849218583,-0.272916724327656,0.8981473481383803,0.11069596777386684,0.05074900642005503,0.8445391654641157,0.21992357027604548,0.4622447713870892,-0.01603544825496311
EFA,1,regime_single,0.13374757199003723,0.03374757199003722,0.26050677068012573,-0.2638810618619669,0.9121511335907075,0.1320111082710749,0.051971874044634665,0.6070524478869648,0.28466859839711967,0.4943173322226575,-0.01614803435126984
EFA,1,ridge,0.13374757199003723,0.03374757199003722,0.26050677068012573,-0.2638810618619669,0.9121511335907075,0.1320111082710749,0.051971874044634665,0.6070524478869648,0.28466859839711967,0.4943173322226575,-0.01614803435126984
EFA,1,rw_vol,0.30268673467251545,0.20268673467251544,0.47259221561418235,-0.6576259835496467,1.6497951762535539,1.3170606615724851,0.053194741669214306,0.4064708915149129,0.00032785733473905676,0.0011175502441670426,-0.044301163736170796
EFA,5,ewma,0.10955898672791693,0.009558986727916927,0.29050538992317904,-0.24319774451474718,0.7469714678344556,0.017674726620637207,,,,,
EFA,5,garch11,0.10718415388984356,0.007184153889843559,0.3218292415181126,-0.21748446612869876,0.7293634453987444,0.032887894831971166,,,,,
EFA,5,gbm_gated,0.10758198224983696,0.007581982249836958,0.3645947147701444,-0.227604076190406,0.732627703662554,0.07637396062717632,,,,,
EFA,5,gbm_pooled,0.10745996930128787,0.0074599693012878665,0.2957293917302227,-0.23251709259231657,0.7251118490415684,0.05712562507357717,,,,,
EFA,5,har,0.10816617873291236,0.008166178732912352,0.369699038281461,-0.22572588352685252,0.7422208241780046,0.057687823239057856,,,,,
EFA,5,regime_features,0.10767458616865919,0.007674586168659181,0.3002534540798234,-0.2090127084881085,0.7452306126746121,0.0654879722594885,,,,,
EFA,5,regime_gate_shuffle,0.1054458536398816,0.005445853639881593,0.35768977198104307,-0.18959388347039918,0.7278327755022362,0.08314021217600649,,,,,
EFA,5,regime_normal,0.10646757000528177,0.006467570005281767,0.3358527181631921,-0.21998228812975995,0.7355237213951273,0.06379689611795532,,,,,
EFA,5,regime_shrunk,0.10664883434629122,0.00664883434629121,0.30676309857854794,-0.21353133891791487,0.7426386605044349,0.06566275116727147,,,,,
EFA,5,regime_single,0.10752040886333296,0.007520408863332953,0.30099941023515075,-0.21205634154989328,0.745118023666023,0.06601848206643653,,,,,
EFA,5,ridge,0.10752040886333296,0.007520408863332953,0.30099941023515075,-0.21205634154989328,0.745118023666023,0.06601848206643653,,,,,
EFA,5,rw_vol,0.1320983579988484,0.03209835799884839,0.41936437544851396,-0.30496726969393106,0.931985151706669,0.1654211058219555,,,,,
EFA,20,ewma,0.1014811292397647,0.001481129239764692,0.3131933308923422,-0.23287770811884445,0.6695494966374635,0.011837120921570101,,,,,
EFA,20,garch11,0.0998149496091682,0.00018505039083180352,0.3458673798943879,-0.20555282908606531,0.6539406657068259,0.020055877394581572,,,,,
EFA,20,gbm_gated,0.10287391032849885,0.0028739103284988465,0.30054198637345175,-0.25696457072246925,0.6624599770623724,0.051169559658712414,,,,,
EFA,20,gbm_pooled,0.10213465652553742,0.002134656525537418,0.30858465170543425,-0.2502325522717651,0.6580412736423061,0.040012082826878737,,,,,
EFA,20,har,0.10032617225015968,0.00032617225015967033,0.37149559829655054,-0.20436672744340512,0.6658866964569786,0.03940601485785431,,,,,
EFA,20,regime_features,0.09975197890645704,0.0002480210935429661,0.3054885341406918,-0.23499662495501283,0.6653444457301371,0.04041230760854191,,,,,
EFA,20,regime_gate_shuffle,0.10210483032063677,0.002104830320636769,0.33387483989370687,-0.21099514513432416,0.6522361384639976,0.0684152732320918,,,,,
EFA,20,regime_normal,0.10245889734866147,0.0024588973486614624,0.3054994908633958,-0.2442965697017372,0.6620636130249061,0.04058569267421673,,,,,
EFA,20,regime_shrunk,0.09918747958740881,0.0008125204125911945,0.316936364339407,-0.21800518616748565,0.6648709448526998,0.041852975455040686,,,,,
EFA,20,regime_single,0.09984902866155039,0.0001509713384496153,0.32801394047040117,-0.20395840291153478,0.6666113382342832,0.03887089706786158,,,,,
EFA,20,ridge,0.09984902866155039,0.0001509713384496153,0.32801394047040117,-0.20395840291153478,0.6666113382342832,0.03887089706786158,,,,,
EFA,20,rw_vol,0.11028577410699147,0.010285774106991469,0.25368028380010293,-0.27391378611928974,0.7739603925335645,0.02832065776560608,,,,,
FXE,1,ewma,0.12696437780904204,0.02696437780904204,-0.182245533802504,-0.5784346157881508,1.756147510056697,0.04098975918535493,0.050016561775422325,0.9966687461160746,0.5380957840750005,0.8273322324376229,-0.007781890363187942
FXE,1,garch11,0.1276082846208944,0.027608284620894402,-0.19871335750948202,-0.5885163170607706,1.7622900574372755,0.029008836190070476,0.049022855250082806,0.8048219789078698,0.6137277079497744,0.8539154032078878,-0.007811056822108577
FXE,1,gbm_gated,0.1269943456869884,0.026994345686988386,-0.08316855112057853,-0.5125929065089879,1.704863599881501,0.1991730437222308,0.05067903279231534,0.8643622610540148,0.41458256897353785,0.7065220939120921,-0.0077830017530673215
FXE,1,gbm_pooled,0.12308517487008079,0.023085174870080785,-0.11044244013184433,-0.5257478306736381,1.642537901239335,0.1257019549683017,0.048691619741636306,0.740470872136775,0.2897972215437955,0.5405661882053008,-0.0077498738734372765
FXE,1,har,0.12674177734973685,0.026741777349736845,-0.16850672033963712,-0.5655261012313753,1.738393259888904,0.05652608619092853,0.05233521033454786,0.5589076836990104,0.9201983868986258,0.8387706983171994,-0.00785168717753078
FXE,1,regime_features,0.12591625334959913,0.025916253349599128,-0.13216134993027423,-0.548230376812729,1.7012838629831444,0.17110466297170224,0.05134150380920835,0.736278491463877,0.445641213609407,0.7064030160058572,-0.007798605652024279
FXE,1,regime_gate_shuffle,0.12486413555118209,0.02486413555118208,-0.07338252942957792,-0.5359531087924243,1.6818237832288288,0.20893640565523766,0.052003974826101355,0.6156170904275393,0.9505996338525782,0.8798911002569259,-0.007688887770003385
FXE,1,regime_normal,0.12543664665859036,0.025436646658590356,-0.12098087472175598,-0.5346919770159699,1.6984438589829853,0.15562401227832043,0.051672739317654856,0.6748416577617974,0.981129729460688,0.9155090128526324,-0.007748702818728392
FXE,1,regime_shrunk,0.12592662242227648,0.025926622422276474,-0.11357025594270939,-0.5388195403550962,1.712910141888503,0.16080468176638085,0.051672739317654856,0.6748416577617974,0.7323572486975312,0.8637477928349571,-0.007770291257599982
FXE,1,regime_single,0.12584937966519125,0.02584937966519124,-0.12445222721184088,-0.5421844812395697,1.7074814244197711,0.1699952802108394,0.05067903279231534,0.8643622610540148,0.9269452213026493,0.9813816791393473,-0.007873157295644233
FXE,1,ridge,0.12584937966519125,0.02584937966519124,-0.12445222721184088,-0.5421844812395697,1.7074814244197711,0.1699952802108394,0.05067903279231534,0.8643622610540148,0.9269452213026493,0.9813816791393473,-0.007873157295644233
FXE,1,rw_vol,0.20574080686257515,0.10574080686257514,0.06455421304061151,-0.5665823700508427,2.3998980494341007,1.392073135240662,0.04769791321629679,0.5587660110694499,0.003762018692543223,0.01266960042785037,-0.030929849354497718
FXE,5,ewma,0.10480154510438654,0.0048015451043865315,-0.18034258448484117,-0.5063490927127094,1.4452997622923938,0.032162402526125365,,,,,
FXE,5,garch11,0.10536201775836995,0.005362017758369947,-0.1913390517377719,-0.5141644941624801,1.4506389551934658,0.022867196284525198,,,,,
FXE,5,gbm_gated,0.10363629198809543,0.0036362919880954248,-0.1034559006316468,-0.443510737869348,1.398963565400138,0.08117836793055504,,,,,
FXE,5,gbm_pooled,0.1029146267027263,0.0029146267027262973,-0.13761161784786452,-0.46786733884407583,1.384432904879627,0.05119282563663086,,,,,
FXE,5,har,0.1045485032230449,0.004548503223044897,-0.16484187276125478,-0.4913064301347897,1.4318049180287848,0.04264795468272911,,,,,
FXE,5,regime_features,0.10633167096819217,0.006331670968192163,-0.1387379781064632,-0.48471285517843454,1.4457677962323412,0.07870957868212818,,,,,
FXE,5,regime_gate_shuffle,0.10508958717448856,0.005089587174488555,-0.171029992835216,-0.5169069727065272,1.4180741292641488,0.14002980141445195,,,,,
FXE,5,regime_normal,0.10655676966016908,0.006556769660169076,-0.16561735669922534,-0.4970135320770762,1.4475751237424643,0.0894184456775033,,,,,
FXE,5,regime_shrunk,0.10605984858635287,0.006059848586352862,-0.1653795634383063,-0.5025187228072003,1.4399753477864576,0.07734865199816497,,,,,
FXE,5,regime_single,0.10563201515616229,0.005632015156162282,-0.13848916901717534,-0.48515073147789967,1.4370927316154836,0.07375924090179076,,,,,
FXE,5,ridge,0.10563201515616229,0.005632015156162282,-0.13848916901717534,-0.48515073147789967,1.4370927316154836,0.07375924090179076,,,,,
FXE,5,rw_vol,0.1289512240609428,0.028951224060942804,-0.24965621430258667,-0.5745310988223146,1.708453713087442,0.2679359991292168,,,,,
FXE,20,ewma,0.10058870032207579,0.0005887003220757803,-0.1793828890696941,-0.495600572117196,1.3820795138027406,0.028972370528347578,,,,,
FXE,20,garch11,0.1008570990780392,0.0008570990780392002,-0.18691919405074983,-0.4988937615121727,1.382729515430933,0.020067129315625095,,,,,
FXE,20,gbm_gated,0.10057513953749982,0.0005751395374998108,-0.10252215774378959,-0.4339058142187858,1.350373674307431,0.057529715340666886,,,,,
FXE,20,gbm_pooled,0.10016770706684539,0.0001677070668453795,-0.12630499160365852,-0.4522153330214128,1.3467024578442064,0.041026143953369086,,,,,
FXE,20,har,0.10065660296066975,0.0006566029606697443,-0.15555405598838506,-0.4795402809926592,1.3728893335607972,0.03388273844239222,,,,,
FXE,20,regime_features,0.10203286480610442,0.0020328648061044147,-0.12899265070145924,-0.4641027135622209,1.3864512367686515,0.06165174525951645,,,,,
FXE,20,regime_gate_shuffle,0.10155916961987788,0.0015591696198778704,-0.12314822470186798,-0.47463306736382127,1.377429928389483,0.10300537153314372,,,,,
FXE,20,regime_normal,0.102951592426493,0.0029515924264929966,-0.13194049801003285,-0.4649619644874069,1.3975245214509329,0.07357609679470958,,,,,
FXE,20,regime_shrunk,0.10190899858290796,0.001908998582907953,-0.12311987582469333,-0.46149293784332146,1.3865360683298456,0.06267923635633237,,,,,
FXE,20,regime_single,0.10117818436366531,0.001178184363665305,-0.12391633738881928,-0.4604034414104199,1.377019516710513,0.054879404418188844,,,,,
FXE,20,ridge,0.10117818436366531,0.001178184363665305,-0.12391633738881928,-0.4604034414104199,1.377019516710513,0.054879404418188844,,,,,
FXE,20,rw_vol,0.10662166167443429,0.006621661674434287,-0.1976225786143587,-0.5082144364479684,1.4909825238589156,0.04867867045848125,,,,,
GLD,1,ewma,0.13464155880168072,0.03464155880168071,0.5513985625190614,-0.4423226138135644,0.9208221341255866,0.021685243815837797,0.05166615713848976,0.6635909036627605,0.658172645221988,0.8249183166645804,-0.01524375459372509
GLD,1,garch11,0.13369340701871105,0.03369340701871104,0.565130269613137,-0.43215200387805,0.9113872720220499,0.02292828704274344,0.05166615713848976,0.6635909036627605,0.9247939594567095,0.9056966856519801,-0.015098546536303652
GLD,1,gbm_gated,0.13778329760808813,0.03778329760808813,0.556794906260618,-0.42620493593777453,0.9125734263344061,0.14417555120532324,0.05105472332619994,0.7826521086026035,0.3912644428357226,0.6666067253020742,-0.015432081232604635
GLD,1,gbm_pooled,0.1332716515539256,0.033271651553925585,0.5693082209853452,-0.42581112968328183,0.8960028886010467,0.09512247072774152,0.05105472332619994,0.7826521086026035,0.23506940562102718,0.47567928083634226,-0.015454090578143774
GLD,1,har,0.13499783629865086,0.03499783629865086,0.5188746532700154,-0.45454886867070055,0.9145475534396955,0.03821043981899146,0.05136044023234485,0.7222243965398011,0.250905934187197,0.485628243732494,-0.015385041120491938
GLD,1,regime_features,0.13225039994737398,0.03225039994737397,0.5952119175596177,-0.4337809787576562,0.8979760116095539,0.09066209423392867,0.05166615713848976,0.6635909036627605,0.2674380121317499,0.49188230603389194,-0.015380782811989312
GLD,1,regime_gate_shuffle,0.13733656560237775,0.03733656560237775,0.612020270199232,-0.40900788860774673,0.9095197909360353,0.1266396300038591,0.054417609293793946,0.2527632445308938,0.4473359009307276,0.3895824915337184,-0.015134076914203867
GLD,1,regime_normal,0.13716366762280513,0.037163667622805124,0.5578311457021613,-0.4271252323001673,0.9160586178255946,0.09096326933743626,0.05074900642005503,0.8445391654641157,0.3702593783011532,0.6566378131537859,-0.015589869306962377
GLD,1,regime_shrunk,0.13548449108638352,0.03548449108638352,0.5624977684250807,-0.4309365688845783,0.9107876100171168,0.08171549966386168,0.05105472332619994,0.7826521086026035,0.23506940562102718,0.47567928083634226,-0.015519777232599955
GLD,1,regime_single,0.1329246841379968,0.03292468413799679,0.5891396578654731,-0.44515795600664576,0.9015649452445124,0.0930509245630467,0.052583307856924486,0.5012696499889724,0.18994979351919594,0.33785882001837453,-0.015372868133005054
GLD,1,ridge,0.1329246841379968,0.03292468413799679,0.5891396578654731,-0.44515795600664576,0.9015649452445124,0.0930509245630467,0.052583307856924486,0.5012696499889724,0.18994979351919594,0.33785882001837453,-0.015372868133005054
GLD,1,rw_vol,0.32654707284890866,0.22654707284890865,0.37144537837247577,-0.6756924540463226,1.7071525981367468,1.3982482515978056,0.05013757260776521,0.9712139049968392,,,-0.05240700932117185
GLD,5,ewma,0.10885711460298936,0.008857114602989352,0.5598363196173645,-0.3686729123698025,0.7402011830842341,0.016128102042679802,,,,,
GLD,5,garch11,0.10808157223279292,0.008081572232792919,0.575352560916242,-0.3609714157490561,0.7334026231442086,0.017070473095500686,,,,,
GLD,5,gbm_gated,0.11035506706440387,0.010355067064403867,0.5280925112845102,-0.36152882650667306,0.7362219297405667,0.055835135278028566,,,,,
GLD,5,gbm_pooled,0.10814176280886661,0.00814176280886661,0.5600530155216378,-0.3459016527202291,0.7276389392492927,0.039843348280744956,,,,,
GLD,5,har,0.10878575960328231,0.008785759603282303,0.5436082626504954,-0.37149888760149463,0.7360120862473261,0.02491302098089031,,,,,
GLD,5,regime_features,0.10952826720946376,0.009528267209463759,0.5856813137825119,-0.37093651644585046,0.741955905591211,0.04675569312684466,,,,,
GLD,5,regime_gate_shuffle,0.11215263098933208,0.012152630989332072,0.6304472617550028,-0.3187145767679317,0.7502947001070231,0.08437660998974407,,,,,
GLD,5,regime_normal,0.11053177350429991,0.010531773504299902,0.514086686552338,-0.3737936730540298,0.7445349703104953,0.060191554596562565,,,,,
GLD,5,regime_shrunk,0.10950191504834644,0.009501915048346438,0.5557217245103,-0.37025859472335165,0.7438690677331439,0.04746741600174194,,,,,
GLD,5,regime_single,0.10950559075822523,0.009505590758225227,0.5669829790050377,-0.3758767816921371,0.744294419143521,0.046262855309548295,,,,,
GLD,5,ridge,0.10950559075822523,0.009505590758225227,0.5669829790050377,-0.3758767816921371,0.744294419143521,0.046262855309548295,,,,,
GLD,5,rw_vol,0.13913452823653613,0.039134528236536126,0.497784175862027,-0.5384688107378282,0.9117020048451777,0.1688628669600679,,,,,
GLD,20,ewma,0.10313531427560932,0.0031353142756093133,0.5680293901210799,-0.3405320681839089,0.6906043269691,0.012351444226333535,,,,,
GLD,20,garch11,0.10250209893190633,0.002502098931906324,0.579266636653513,-0.33435467753753145,0.6856732217559597,0.01266166217628413,,,,,
GLD,20,gbm_gated,0.10459342318170127,0.004593423181701264,0.5378567573646543,-0.33264411771068647,0.6877697271240402,0.04073078672442148,,,,,
GLD,20,gbm_pooled,0.10379542299965624,0.0037954229996562394,0.5350635952612638,-0.3374852926370453,0.6833573789492632,0.030282320686394963,,,,,
GLD,20,har,0.10295494151623832,0.0029549415162383186,0.5599268891854672,-0.34090046797712215,0.688654132332103,0.02117624735030425,,,,,
GLD,20,regime_features,0.10413725850446746,0.004137258504467459,0.5529670167651551,-0.3507524594029078,0.697593245401665,0.03157774429665717,,,,,
GLD,20,regime_gate_shuffle,0.10657318861242868,0.006573188612428671,0.5580574433286742,-0.37506833029986275,0.7090720630592938,0.07689941146509409,,,,,
GLD,20,regime_normal,0.10503149399839307,0.005031493998393061,0.5545238844327286,-0.34270349089997143,0.6945440011060525,0.039294525058275076,,,,,
GLD,20,regime_shrunk,0.1044019911476492,0.004401991147649192,0.5492930540305112,-0.3510008435293197,0.6965742364998048,0.031573915165286986,,,,,
GLD,20,regime_single,0.10449412863301094,0.004494128633010935,0.5470449828224736,-0.3593591333769225,0.7018941639918664,0.030881568825317576,,,,,
GLD,20,ridge,0.10449412863301094,0.004494128633010935,0.5470449828224736,-0.3593591333769225,0.7018941639918664,0.030881568825317576,,,,,
GLD,20,rw_vol,0.11019728570351091,0.010197285703510903,0.5006801198488624,-0.4134988749410522,0.7617303511457586,0.02698341063991896,,,,,
HYG,1,ewma,0.13277366181321015,0.03277366181321015,0.4984970445525937,-0.3517496719257741,2.5152124404128755,0.05991518852868551,0.05130057803468208,0.7545212779367079,4.688657462281753e-09,3.3686946787625516e-08,-0.007224189691285714
HYG,1,garch11,0.1276157522388071,0.027615752238807106,0.5696683361313362,-0.3537115920721763,2.4521759697321235,0.14137784794508232,0.05166184971098266,0.6898244688204012,0.0032797647441289435,0.012251678255765341,-0.00675271670768927
HYG,1,gbm_gated,0.13399651365098578,0.03399651365098577,0.5231562452390296,-0.2851848668862341,2.4972612109085084,0.3500574288296817,0.05202312138728324,0.6274547912802112,0.001381926398153377,0.005339388916556054,-0.007113548785412473
HYG,1,gbm_pooled,0.129597798127241,0.029597798127241004,0.49009107997663526,-0.2899369159113856,2.3924389669004635,0.24580008672072856,0.055274566473988436,0.21021936818274256,0.002139954977930625,0.004096269772922656,-0.006973372802069243
HYG,1,har,0.12852169172240918,0.028521691722409176,0.5874830382077318,-0.34925164133832665,2.4701516945041355,0.23597830232949876,0.050216763005780346,0.9582970531582552,0.030225808723765124,0.09541029749697216,-0.006957731925696592
HYG,1,regime_features,0.12204571864937307,0.02204571864937306,0.602231600195928,-0.2729298807624251,2.3543776490862247,0.28281432765425607,0.05166184971098266,0.6898244688204012,0.8152293825880074,0.8985776894792585,-0.006507911481936731
HYG,1,regime_gate_shuffle,0.13221546231509865,0.03221546231509864,0.6062537072285477,-0.30691664321959344,2.450436816652153,0.49447144515923513,0.050216763005780346,0.9582970531582552,0.1364939718046836,0.3295951080625066,-0.006690344752844983
HYG,1,regime_normal,0.12709383297814206,0.02709383297814205,0.5660517996381005,-0.31494488142462385,2.4779041195541716,0.309630117513209,0.05130057803468208,0.7545212779367079,0.5173606244969815,0.7722389281069746,-0.006778129340938499
HYG,1,regime_shrunk,0.12540035562211904,0.025400355622119036,0.5751137666302553,-0.3044521699902576,2.415021726939351,0.2971252328430061,0.04985549132947977,0.9721592818964648,0.4151877288445823,0.71708764089417,-0.006695570669201327
HYG,1,regime_single,0.1230755742576423,0.023075574257642298,0.5973594404597264,-0.2757487387751102,2.3319762485362094,0.2815372287121348,0.05057803468208093,0.8892259138820766,0.4648327084219652,0.75819369137375,-0.006546385069465711
HYG,1,ridge,0.1230755742576423,0.023075574257642298,0.5973594404597264,-0.2757487387751102,2.3319762485362094,0.2815372287121348,0.05057803468208093,0.8892259138820766,0.4648327084219652,0.75819369137375,-0.006546385069465711
HYG,1,rw_vol,0.1699264087805952,0.0699264087805952,0.6503440560666233,-0.3730237751885269,2.798212084052961,1.0903693020292546,0.049132947976878616,0.8337588388271122,0.004488177663579895,0.017257787681048686,-0.017709495284130607
HYG,5,ewma,0.10821646577716018,0.008216465777160176,0.5006046709374142,-0.28762154351080016,2.0263148353063283,0.049294709802049516,,,,,
HYG,5,garch11,0.10359440347976354,0.0035944034797635305,0.5799362721618738,-0.28233943736716327,1.941174782525171,0.10299454450180158,,,,,
HYG,5,gbm_gated,0.11202397378417825,0.012023973784178243,0.5881118715602659,-0.23951724837626265,2.0485570670497775,0.21717667964310813,,,,,
HYG,5,gbm_pooled,0.10911944024757554,0.009119440247575536,0.5691812409240554,-0.23296961759720125,1.999870761330941,0.15979364021127887,,,,,
HYG,5,har,0.10525765029445404,0.005257650294454033,0.5979203388512213,-0.2744717291629244,1.9906776965063586,0.18664435332728707,,,,,
HYG,5,regime_features,0.10603137652399888,0.006031376523998877,0.5870690280035588,-0.26366813595253435,2.0869636584467828,0.25522919438999386,,,,,
HYG,5,regime_gate_shuffle,0.1082452673659671,0.00824526736596709,0.620851260253922,-0.2351805170067096,2.0781557023624475,0.35233040256422626,,,,,
HYG,5,regime_normal,0.10637633816366822,0.006376338163668213,0.616520205493006,-0.23583883926628235,2.088578499150308,0.25259154184264626,,,,,
HYG,5,regime_shrunk,0.10460913790389349,0.004609137903893487,0.5736462896809836,-0.2510372824211248,2.0552757317750614,0.2284215226713701,,,,,
HYG,5,regime_single,0.10551584989163929,0.0055158498916392795,0.5802029983444391,-0.25431229958967283,2.055415011532975,0.24207736605492935,,,,,
HYG,5,ridge,0.10551584989163929,0.0055158498916392795,0.5802029983444391,-0.25431229958967283,2.055415011532975,0.24207736605492935,,,,,
HYG,5,rw_vol,0.12230322555918831,0.022303225559188303,0.5763038747603334,-0.3792002280243647,2.3702866613224343,0.2670942805569338,,,,,
HYG,20,ewma,0.09704646910835707,0.002953530891642936,0.4970397563868001,-0.24524415179324655,1.708755495474404,0.031942238326620964,,,,,
HYG,20,garch11,0.09424576864366786,0.005754231356332143,0.5828330388941031,-0.24537792347031806,1.65531479486755,0.0635936557354757,,,,,
HYG,20,gbm_gated,0.10535120786670499,0.005351207866704982,0.5144677971752173,-0.24648784127726409,1.7958258638772544,0.17780034886310161,,,,,
HYG,20,gbm_pooled,0.10292103928062844,0.0029210392806284374,0.4967229879724685,-0.2563199770254446,1.7244181388367055,0.1169972520551705,,,,,
HYG,20,har,0.0957456017597142,0.004254398240285812,0.5936733892978809,-0.24134356351566133,1.700704802959233,0.11610856685994943,,,,,
HYG,20,regime_features,0.09326157511196928,0.006738424888030725,0.594434614996426,-0.22062063356244532,1.722949639228772,0.12978555119753515,,,,,
HYG,20,regime_gate_shuffle,0.1030728237970931,0.0030728237970930883,0.622635443465784,-0.22643961204519403,1.764166266942028,0.3029869730628484,,,,,
HYG,20,regime_normal,0.09721750691929879,0.0027824930807012205,0.5534938283161381,-0.22212205190877754,1.760529847471295,0.1285266828058557,,,,,
HYG,20,regime_shrunk,0.09560897500286943,0.00439102499713058,0.5716261028990547,-0.21954633236361687,1.7475805311631074,0.13222478565465257,,,,,
HYG,20,regime_single,0.09332752428998649,0.006672475710013517,0.5707293867773288,-0.2164509335182988,1.6963320727686477,0.12825333194853347,,,,,
HYG,20,ridge,0.09332752428998649,0.006672475710013517,0.5707293867773288,-0.2164509335182988,1.6963320727686477,0.12825333194853347,,,,,
HYG,20,rw_vol,0.10960811639461615,0.009608116394616145,0.5085122913180143,-0.3031253679225837,2.1450497693990562,0.06790785888567762,,,,,
IWM,1,ewma,0.13222443729421385,0.03222443729421384,0.3187066186704976,-0.25471807981753747,0.7156567449073439,0.019452069992616502,0.05044328951391012,0.9075218766436027,0.34992943152130207,0.6417197133567332,-0.020808016841854602
IWM,1,garch11,0.13100040504474691,0.03100040504474691,0.3463950571636791,-0.265519302784767,0.7092222674417378,0.034625581712206796,0.051971874044634665,0.6070524478869648,0.28466859839711967,0.4943173322226575,-0.02064050984331385
IWM,1,gbm_gated,0.1383067075559227,0.03830670755592269,0.33181133936068,-0.26790393781350486,0.7115753717625093,0.11814404852154901,0.052583307856924486,0.5012696499889724,0.011730747015500698,0.033317191637944554,-0.021545011355576314
IWM,1,gbm_pooled,0.13991390827887987,0.03991390827887986,0.28875279263550174,-0.2909143514676753,0.7079753231458005,0.0940346993710445,0.053806175481504126,0.3235573391117139,0.01859983466327686,0.03851788382608645,-0.02164855302166044
IWM,1,har,0.1331137290146277,0.033113729014627696,0.3304142932460838,-0.25909775865369244,0.7176158459074713,0.04726758725227201,0.051971874044634665,0.6070524478869648,0.16454810962418298,0.3334685497002916,-0.021025476807346555
IWM,1,regime_features,0.13251837226787525,0.03251837226787524,0.3415455931511296,-0.28663164395000773,0.7180689140163935,0.08963673225314013,0.05166615713848976,0.6635909036627605,0.018733850275757913,0.05740116312191301,-0.02108276007636734
IWM,1,regime_gate_shuffle,0.13938444622519505,0.03938444622519505,0.39923498227404564,-0.3134978775642826,0.7192639878416464,0.11375539096530504,0.052583307856924486,0.5012696499889724,0.053932659859240784,0.12449187976449005,-0.021130415240893853
IWM,1,regime_normal,0.13690464919431064,0.036904649194310635,0.2770967537608363,-0.2929045513533314,0.7117104015174507,0.09230777954359137,0.052583307856924486,0.5012696499889724,0.18994979351919594,0.33785882001837453,-0.021344612483954202
IWM,1,regime_shrunk,0.13144563609829715,0.03144563609829715,0.32181356820373097,-0.2781326102853864,0.7161088917719627,0.08559712773033874,0.05136044023234485,0.7222243965398011,0.016738400938171694,0.05366552809185887,-0.020935971987666557
IWM,1,regime_single,0.1319061007085089,0.03190610070850888,0.3485626164049225,-0.2800858865866026,0.722251669284185,0.09044304831246666,0.052583307856924486,0.5012696499889724,0.025981525234475167,0.06688720142059701,-0.02085952203205984
IWM,1,ridge,0.1319061007085089,0.03190610070850888,0.3485626164049225,-0.2800858865866026,0.722251669284185,0.09044304831246666,0.052583307856924486,0.5012696499889724,0.025981525234475167,0.06688720142059701,-0.02085952203205984
IWM,1,rw_vol,0.3540678345289699,0.25406783452896986,0.4788673603922884,-0.7298076922736212,1.3780471841286492,1.2104610571486494,0.05136044023234485,0.7222243965398011,0.0006280800794360442,0.002715949868477008,-0.05575504499660036
IWM,5,ewma,0.10986899539452546,0.00986899539452546,0.3343651963533409,-0.21751831246499986,0.5897291501648002,0.014542731191102313,,,,,
IWM,5,garch11,0.10873504926597001,0.008735049265970005,0.3644401957954954,-0.2201778492246652,0.5837817333469179,0.025515379526346863,,,,,
IWM,5,gbm_gated,0.11438027613773252,0.014380276137732517,0.3756781486674558,-0.24637545781331116,0.5848624378379207,0.05234789710997046,,,,,
IWM,5,gbm_pooled,0.11432760293360476,0.014327602933604758,0.34346465159926814,-0.2440748293982743,0.5794365283800866,0.04102882097914908,,,,,
IWM,5,har,0.11005046017574198,0.010050460175741974,0.34767290461797506,-0.22197721065745335,0.5898460873615448,0.04108326633117021,,,,,
IWM,5,regime_features,0.11004089810020609,0.010040898100206086,0.3420404340492604,-0.2272545758772676,0.5965880624950851,0.04962727911610974,,,,,
IWM,5,regime_gate_shuffle,0.10983594261564159,0.00983594261564158,0.39526737556142566,-0.23179087105288254,0.5901131662040509,0.05283261592056912,,,,,
IWM,5,regime_normal,0.10893551296096698,0.00893551296096698,0.36190206407978637,-0.2076892601610949,0.5879079914616092,0.047588459074741594,,,,,
IWM,5,regime_shrunk,0.10850401851152879,0.00850401851152878,0.33855325514669016,-0.22844683183648984,0.5884827651879055,0.045559013713770975,,,,,
IWM,5,regime_single,0.10975015094993269,0.009750150949932687,0.33758516453175547,-0.23103457944482841,0.5981036200064829,0.04861072761752467,,,,,
IWM,5,ridge,0.10975015094993269,0.009750150949932687,0.33758516453175547,-0.23103457944482841,0.5981036200064829,0.04861072761752467,,,,,
IWM,5,rw_vol,0.13154498468503467,0.031544984685034666,0.33189080815068106,-0.2862281144987624,0.706559008807062,0.12369105037772242,,,,,
IWM,20,ewma,0.10415102148014868,0.0041510214801486756,0.36352249416531873,-0.22330984860997394,0.5452261332523886,0.010568579746161653,,,,,
IWM,20,garch11,0.10308752888790704,0.0030875288879070317,0.39700386863637743,-0.19156035486354295,0.5388176728919771,0.017417569832560632,,,,,
IWM,20,gbm_gated,0.11128975148322075,0.011289751483220742,0.3823416732481192,-0.2499922775813831,0.5453748432370943,0.04017254614063942,,,,,
IWM,20,gbm_pooled,0.10969012041223,0.009690120412229997,0.40090428254502425,-0.23609313165022594,0.5401962871742694,0.027585980800442184,,,,,
IWM,20,har,0.10423062216028678,0.004230622160286773,0.37387648035246945,-0.20437092492238218,0.5451682494761696,0.029060630367229254,,,,,
IWM,20,regime_features,0.10365964214070156,0.0036596421407015522,0.3577210693615435,-0.20703139757203814,0.5465315854775015,0.03258195689341408,,,,,
IWM,20,regime_gate_shuffle,0.10605598920029585,0.006055989200295847,0.3308988762348374,-0.2349404267260239,0.550631326422357,0.04531663183314673,,,,,
IWM,20,regime_normal,0.10502175945903672,0.005021759459036712,0.35822708973383127,-0.22402315057238176,0.5448115747372082,0.031579983879449505,,,,,
IWM,20,regime_shrunk,0.10355087564932683,0.0035508756493268234,0.3643255204485151,-0.20396190946132609,0.5428127649630031,0.029276446305686245,,,,,
IWM,20,regime_single,0.10424202108823222,0.004242021088232212,0.35954356020063133,-0.2048206938306233,0.5498918445552039,0.03211938479095432,,,,,
IWM,20,ridge,0.10424202108823222,0.004242021088232212,0.35954356020063133,-0.2048206938306233,0.5498918445552039,0.03211938479095432,,,,,
IWM,20,rw_vol,0.10867699876377043,0.008676998763770427,0.28645980800476306,-0.21094776051507036,0.5927753228907454,0.020720162457032943,,,,,
JPM,1,ewma,0.13957206658057014,0.03957206658057014,0.6352781043778266,-0.22768704151294694,0.6087543307270568,0.017334732626061593,0.05411189238764904,0.28665480154890266,7.351847738190642e-05,0.00021894980710279732,-0.02305471291116089
JPM,1,garch11,0.1378356777451005,0.03783567774510049,0.679226620142501,-0.25249334506019394,0.5990920379243465,0.03248184540069795,0.055029043106083766,0.19373933346586192,0.000127255003167126,0.00027867028934269733,-0.02294246660663833
JPM,1,gbm_gated,0.14706131322040128,0.047061313220401274,0.5973614465030087,-0.2709745296119185,0.606417731267261,0.10434040619381241,0.056557627636808314,0.09159460445016532,0.011005019398135696,0.009510921185039045,-0.023058716228723092
JPM,1,gbm_pooled,0.14155721450207626,0.04155721450207625,0.6641952173471094,-0.2525002291160514,0.5920791731615778,0.0743645213082939,0.053194741669214306,0.4064708915149129,0.0010174276259395931,0.0032072564809242365,-0.023082551737945944
JPM,1,har,0.14032996591344624,0.04032996591344623,0.7049961402502736,-0.24986596843811204,0.6089475644816915,0.06549674419773384,0.05533476001222867,0.16840199802507383,0.006724697924266887,0.009842063944799029,-0.02289278017182128
JPM,1,regime_features,0.13899590916800156,0.03899590916800155,0.7023827407039694,-0.24920338910171258,0.6071541499929821,0.09324091182148173,0.05472332619993886,0.22182148338544527,0.0257885154082923,0.0395043024423013,-0.022851574802565243
JPM,1,regime_gate_shuffle,0.13958125809433447,0.039581258094334465,0.6286285562306009,-0.2579594423201783,0.5971604703338229,0.08807512762295157,0.05411189238764904,0.28665480154890266,0.0006049491698020271,0.0015837238860354486,-0.02265423178937679
JPM,1,regime_normal,0.13782881548958398,0.03782881548958397,0.689374139842715,-0.2469189770621486,0.6012320100277879,0.06751791035759575,0.05625191073066341,0.10743622819738463,0.009757173897299354,0.009704968991770646,-0.022718411892805455
JPM,1,regime_shrunk,0.13706270225249795,0.03706270225249794,0.6874690676242536,-0.2687223310158273,0.6035574300826554,0.07265317013994856,0.05533476001222867,0.16840199802507383,0.03178555305993247,0.03863608204860003,-0.022704625545493653
JPM,1,regime_single,0.13811095412743907,0.03811095412743906,0.6967402910288035,-0.2583399538352198,0.6049484764358237,0.09505064061760209,0.05472332619993886,0.22182148338544527,0.05243162250182509,0.07227726706678861,-0.02275486243644144
JPM,1,ridge,0.13811095412743907,0.03811095412743906,0.6967402910288035,-0.2583399538352198,0.6049484764358237,0.09505064061760209,0.05472332619993886,0.22182148338544527,0.05243162250182509,0.07227726706678861,-0.02275486243644144
JPM,1,rw_vol,0.38192841050245857,0.28192841050245854,0.5916943869668647,-0.6526852439625133,1.3109790865050654,1.1904088389170384,0.05074900642005503,0.8445391654641157,0.005734167385196165,0.021596459064698204,-0.06861346623228375
JPM,5,ewma,0.11345747720861475,0.013457477208614746,0.6354938681176673,-0.19003088618085962,0.4895137496577047,0.01219806955346675,,,,,
JPM,5,garch11,0.11193080820905932,0.011930808209059313,0.6783559553282802,-0.20529537056098635,0.4804880967746389,0.021785791852790556,,,,,
JPM,5,gbm_gated,0.11711292949165113,0.01711292949165112,0.6615785919979735,-0.2098698289200921,0.49091383248148224,0.051329184494413815,,,,,
JPM,5,gbm_pooled,0.11810023709507138,0.018100237095071373,0.6154104579201519,-0.20587181183957137,0.4924548583849672,0.04300376194343309,,,,,
JPM,5,har,0.11340505934469962,0.013405059344699613,0.703908638597493,-0.20210712806369024,0.4874193191904376,0.040061985574160075,,,,,
JPM,5,regime_features,0.11529878692830457,0.015298786928304567,0.6643630461971978,-0.21426275492620273,0.497403630018919,0.05268531003219243,,,,,
JPM,5,regime_gate_shuffle,0.11727853094565142,0.01727853094565142,0.5393808632611917,-0.23502444504757358,0.4965276509602392,0.0646889025560012,,,,,
JPM,5,regime_normal,0.11159248750737501,0.011592487507375002,0.6787022886494132,-0.19122567822147063,0.48427153972728365,0.03775640947282835,,,,,
JPM,5,regime_shrunk,0.11288004169937933,0.012880041699379327,0.6565135433976477,-0.19122567822147007,0.4905291235856004,0.040746404366234765,,,,,
JPM,5,regime_single,0.11544420563395538,0.015444205633955377,0.6675792814277917,-0.2140647430114434,0.5034477237882985,0.054839578955362296,,,,,
JPM,5,ridge,0.11544420563395538,0.015444205633955377,0.6675792814277917,-0.2140647430114434,0.5034477237882985,0.054839578955362296,,,,,
JPM,5,rw_vol,0.14761270175270513,0.04761270175270513,0.6528780262328916,-0.2580431500214502,0.6223227435607954,0.12324953591653341,,,,,
JPM,20,ewma,0.10686694407673102,0.00686694407673101,0.6215340978471052,-0.19978245373661807,0.44660045758892974,0.008849366392472012,,,,,
JPM,20,garch11,0.10450295281173048,0.004502952811730479,0.6692772394160699,-0.18337385193815392,0.4350658057516751,0.01394856170408435,,,,,
JPM,20,gbm_gated,0.110262532669468,0.010262532669468,0.5966092504928122,-0.2141189409640255,0.44320285423200634,0.031998131680424605,,,,,
JPM,20,gbm_pooled,0.10974286952240624,0.00974286952240623,0.6299160387695957,-0.20985661109846865,0.4410612509290434,0.025135359695872384,,,,,
JPM,20,har,0.10594954797947247,0.005949547979472461,0.6761934925061994,-0.19144176401070678,0.44205528441563385,0.02477488027867961,,,,,
JPM,20,regime_features,0.10837277040466396,0.008372770404663957,0.6378914141584541,-0.20099753763280515,0.4541957030106814,0.03520642518709081,,,,,
JPM,20,regime_gate_shuffle,0.11137888499694543,0.011378884996945421,0.5569314861673844,-0.2503570197375693,0.45015765899901716,0.051009099868032544,,,,,
JPM,20,regime_normal,0.10584351314045481,0.005843513140454809,0.6546950353346574,-0.19589371041114567,0.44171474244518794,0.022978004337866835,,,,,
JPM,20,regime_shrunk,0.10634139261456861,0.006341392614568606,0.6523149161056441,-0.19582860013694048,0.4466513455081295,0.02702244032525748,,,,,
JPM,20,regime_single,0.10689418234847672,0.006894182348476718,0.6582479001774253,-0.1958286001369408,0.4516863893670729,0.03113668980120795,,,,,
JPM,20,ridge,0.10689418234847672,0.006894182348476718,0.6582479001774253,-0.1958286001369408,0.4516863893670729,0.03113668980120795,,,,,
JPM,20,rw_vol,0.1121280225763531,0.012128022576353092,0.6647220913025566,-0.19029279427322487,0.4936971244760188,0.018524669381581534,,,,,
KO,1,ewma,0.1432472814273608,0.043247281427360784,0.538931572804213,-0.2277243259925995,0.9281035428565328,0.02319845162098612,0.05166615713848976,0.6635909036627605,0.040370919151033746,0.11127962037553496,-0.015471318963044255
KO,1,garch11,0.1420968656438289,0.04209686564382889,0.5205322654822223,-0.24532332007196989,0.9125776287641915,0.03302360028891977,0.05166615713848976,0.6635909036627605,0.018733850275757913,0.05740116312191301,-0.015529531873792328
KO,1,gbm_gated,0.1506534532976282,0.05065345329762819,0.48664651598699565,-0.28716342223022995,0.922319348259241,0.14924882877072246,0.0498318557016203,0.9647868004205822,0.009269362856450636,0.03384164527967304,-0.01644914472384433
KO,1,gbm_pooled,0.1521014836256898,0.05210148362568978,0.45738585651375097,-0.32453916177310926,0.9127943479512618,0.11718912753266526,0.05166615713848976,0.6635909036627605,0.018733850275757913,0.05740116312191301,-0.016204376162261374
KO,1,har,0.14442716515718645,0.04442716515718645,0.5621247569419284,-0.21222584368454367,0.9282778866364052,0.07721050895228394,0.05105472332619994,0.7826521086026035,0.13120579522851794,0.30815868420635995,-0.01589770677093715
KO,1,regime_features,0.14678327288862736,0.04678327288862735,0.570592519828182,-0.23230589112389932,0.9391050391249033,0.15820970131402465,0.05013757260776521,0.9712139049968392,0.10319560063532762,0.26490720149340385,-0.01598638745944828
KO,1,regime_gate_shuffle,0.1507470982564044,0.05074709825640439,0.5323222004295048,-0.29898744435906577,0.9228012254282489,0.1288623734744073,0.04860898807704066,0.7138808372765327,0.01371964089024158,0.044862708675840746,-0.015872545914453768
KO,1,regime_normal,0.1513281489056477,0.051328148905647686,0.4737123743273138,-0.2950530800184955,0.9208419763912177,0.09953355546076531,0.05044328951391012,0.9075218766436027,0.05673707805235351,0.16171981828008464,-0.016051572131698628
KO,1,regime_shrunk,0.14696414498329635,0.046964144983296346,0.5052437355118516,-0.26590251568781764,0.9191344993111712,0.10373820858492068,0.05105472332619994,0.7826521086026035,0.13120579522851794,0.30815868420635995,-0.01576628793936863
KO,1,regime_single,0.14513427785012553,0.045134277850125526,0.6059346259941344,-0.21211251669319675,0.937379993808756,0.15789313437612093,0.05105472332619994,0.7826521086026035,0.23506940562102718,0.47567928083634226,-0.01585793824016966
KO,1,ridge,0.14513427785012553,0.045134277850125526,0.6059346259941344,-0.21211251669319675,0.937379993808756,0.15789313437612093,0.05105472332619994,0.7826521086026035,0.23506940562102718,0.47567928083634226,-0.01585793824016966
KO,1,rw_vol,0.3137339102404907,0.21373391024049068,0.8847669982376148,-0.450904404491011,1.6733373224817494,1.3301356549585666,0.05105472332619994,0.7826521086026035,0.0052202716867585375,0.01947149912586965,-0.039538244567455215
KO,5,ewma,0.11731649504285083,0.01731649504285082,0.5399457160420746,-0.20961428000099525,0.7475546483304383,0.015804604586039814,,,,,
KO,5,garch11,0.11577729613592352,0.01577729613592352,0.5264965082098905,-0.21558413864640613,0.7347341227860079,0.020456347505683918,,,,,
KO,5,gbm_gated,0.12429208752197143,0.02429208752197143,0.46263731224808413,-0.27283788444801693,0.743984871174948,0.06905247397636434,,,,,
KO,5,gbm_pooled,0.12306672729709334,0.02306672729709333,0.442257915081121,-0.26562853113460494,0.7412781739693088,0.06240840298652454,,,,,
KO,5,har,0.1178465687296563,0.0178465687296563,0.5361944633390219,-0.20007247048114052,0.7441433329271775,0.054948948111140865,,,,,
KO,5,regime_features,0.1218005205453204,0.02180052054532039,0.4970524764841402,-0.22730541549039296,0.7483585000061592,0.06826399360416828,,,,,
KO,5,regime_gate_shuffle,0.13345213863957647,0.03345213863957647,0.37706258075107024,-0.3237067655937088,0.7413543482261236,0.0752009516118297,,,,,
KO,5,regime_normal,0.13523359004916813,0.03523359004916812,0.38691987048142645,-0.318359718659861,0.7469845088490719,0.05308829585675597,,,,,
KO,5,regime_shrunk,0.1255389143934722,0.025538914393472195,0.4366413280133671,-0.27496716966540524,0.742838044083199,0.05278800383640925,,,,,
KO,5,regime_single,0.11771441396731087,0.01771441396731087,0.5437706475046274,-0.20411604524886706,0.7455568415407682,0.06567099783333134,,,,,
KO,5,ridge,0.11771441396731087,0.01771441396731087,0.5437706475046274,-0.20411604524886706,0.7455568415407682,0.06567099783333134,,,,,
KO,5,rw_vol,0.15236440996898115,0.052364409968981146,0.5868144258919606,-0.2628316737399661,0.9218338580179773,0.16790130524977903,,,,,
KO,20,ewma,0.10837006383999662,0.008370063839996611,0.5334884430298672,-0.2144976776105475,0.6769062619402897,0.010617812444637045,,,,,
KO,20,garch11,0.10667216986076708,0.006672169860767074,0.5314432243967357,-0.21209107132696103,0.6683336935170247,0.012301706367980758,,,,,
KO,20,gbm_gated,0.11932920243271065,0.01932920243271065,0.4262796069281632,-0.3087349537191797,0.6842958440285165,0.047916548082530604,,,,,
KO,20,gbm_pooled,0.1177246164994449,0.0177246164994449,0.4251206250247844,-0.2921475450643798,0.680532210822277,0.0354896904647285,,,,,
KO,20,har,0.11015056021164066,0.010150560211640652,0.5265875581530735,-0.21935931463562297,0.6778658236142779,0.0376506007868461,,,,,
KO,20,regime_features,0.11287932306556682,0.012879323065566814,0.49348573019638914,-0.2557359279114033,0.6770772411326158,0.03776283879496165,,,,,
KO,20,regime_gate_shuffle,0.1255443928064415,0.025544392806441496,0.4416179935448207,-0.33454276363160607,0.6832212751079504,0.057301431801337815,,,,,
KO,20,regime_normal,0.12566560544718602,0.02566560544718602,0.43852190483492215,-0.3364850723281194,0.6882884044003116,0.04276595006346558,,,,,
KO,20,regime_shrunk,0.11389543580253349,0.013895435802533482,0.4926166868895128,-0.26153283672798133,0.6805410093650399,0.03894794496986839,,,,,
KO,20,regime_single,0.11114291177632964,0.011142911776329631,0.5104443841908961,-0.23896548720587119,0.6761432226891465,0.036934268964511,,,,,
KO,20,ridge,0.11114291177632964,0.011142911776329631,0.5104443841908961,-0.23896548720587119,0.6761432226891465,0.036934268964511,,,,,
KO,20,rw_vol,0.11365816338719258,0.01365816338719257,0.5409581051035011,-0.19281303760767665,0.7531868091634986,0.028088620206703017,,,,,
MSFT,1,ewma,0.14056434931570175,0.04056434931570174,0.8475619073343367,-0.21507896420928296,0.5996103664844533,0.014107530327899123,0.053806175481504126,0.3235573391117139,0.01859983466327686,0.03851788382608645,-0.024277836090922305
MSFT,1,garch11,0.14103926492774463,0.04103926492774462,0.8446199536781558,-0.2513565305393457,0.5966813766167252,0.027326080521582315,0.05411189238764904,0.28665480154890266,0.15482944194148496,0.20604928300018832,-0.0245219722838158
MSFT,1,gbm_gated,0.14075460366972656,0.04075460366972655,0.7223272624729227,-0.2642343469387206,0.6033411223601289,0.11130993935879485,0.052583307856924486,0.5012696499889724,0.5059563615434035,0.6393302973395649,-0.02506585635742406
MSFT,1,gbm_pooled,0.1414745145671424,0.041474514567142406,0.7306533423218812,-0.2810624436295792,0.6115128786819627,0.10163846727669967,0.053194741669214306,0.4064708915149129,0.9281435905458905,0.7056640802701228,-0.025735003164848672
MSFT,1,har,0.14088984416571515,0.040889844165715145,0.8860986131507604,-0.23833738526965342,0.6010875418778651,0.061549701619465776,0.05411189238764904,0.28665480154890266,0.26524699633164384,0.3047648563428913,-0.0244087143110356
MSFT,1,regime_features,0.13822333752503665,0.03822333752503665,0.7700361531136328,-0.27323691091508073,0.6097848201140407,0.10425830850995611,0.053194741669214306,0.4064708915149129,0.5560073753379189,0.5957811189158364,-0.0245756960778621
MSFT,1,regime_gate_shuffle,0.1387753128757964,0.038775312875796386,0.7228103536540665,-0.3006631093170897,0.5968944820146458,0.11756791245305345,0.053194741669214306,0.4064708915149129,0.21801039132591238,0.33178785130582533,-0.024088283773111323
MSFT,1,regime_normal,0.14076691592202067,0.04076691592202067,0.7720785129533121,-0.24659575806746314,0.6057414466556942,0.09761054059627727,0.05411189238764904,0.28665480154890266,0.6349623752790818,0.5064504374634811,-0.024890933340924383
MSFT,1,regime_shrunk,0.13928810246724876,0.03928810246724876,0.7626262435268962,-0.26509944193937074,0.6073990870100684,0.09885675150348353,0.054417609293793946,0.2527632445308938,0.9163219976869842,0.5171084569941891,-0.024919658255259648
MSFT,1,regime_single,0.13815094544879722,0.03815094544879721,0.7781701621758838,-0.27599946776483164,0.6083094590349608,0.1025160122778959,0.051971874044634665,0.6070524478869648,0.45820985415784765,0.6653934637688232,-0.024651502636484097
MSFT,1,ridge,0.13815094544879722,0.03815094544879721,0.7781701621758838,-0.27599946776483164,0.6083094590349608,0.1025160122778959,0.051971874044634665,0.6070524478869648,0.45820985415784765,0.6653934637688232,-0.024651502636484097
MSFT,1,rw_vol,0.40152499012578863,0.3015249901257886,0.97054821219965,-0.5274683534228792,1.3419974313150562,1.2702021407116224,0.0528890247630694,0.452424683094097,0.00036605175472326223,0.0013184840955806632,-0.06920877163233538
MSFT,5,ewma,0.11463099624659367,0.01463099624659367,0.8246121419900487,-0.18070390561990668,0.484245284647609,0.009997134846583865,,,,,
MSFT,5,garch11,0.1147543255304277,0.0147543255304277,0.8317916772185795,-0.2064120825564668,0.48043398604863546,0.017534188241121677,,,,,
MSFT,5,gbm_gated,0.11666178594365077,0.016661785943650767,0.7823059211547101,-0.20304294555979185,0.4828954180986723,0.056440452727749106,,,,,
MSFT,5,gbm_pooled,0.11496472596394498,0.014964725963944978,0.8331790903827739,-0.20268120135540713,0.48022337001098203,0.045287046031013384,,,,,
MSFT,5,har,0.11399370187876784,0.013993701878767834,0.8730687175860595,-0.19484181195208083,0.4801820235299208,0.033167527703694626,,,,,
MSFT,5,regime_features,0.11312822941153307,0.013128229411533063,0.7834109627642418,-0.23555147822023248,0.483756218698433,0.04384183380589112,,,,,
MSFT,5,regime_gate_shuffle,0.11261540473050811,0.012615404730508109,0.7430890857149749,-0.2068624021011387,0.47904591908638045,0.053661150263571,,,,,
MSFT,5,regime_normal,0.11427282771455412,0.014272827714554112,0.7881592888765852,-0.20281131157264676,0.48247320013795425,0.04399684472111056,,,,,
MSFT,5,regime_shrunk,0.11271560532226847,0.012715605322268467,0.7894460056959481,-0.20823456770978976,0.48316390468855613,0.043740338807528985,,,,,
MSFT,5,regime_single,0.1133043120160989,0.013304312016098899,0.7863066938276618,-0.23404600759625738,0.48579792990796955,0.04611044756731931,,,,,
MSFT,5,ridge,0.1133043120160989,0.013304312016098899,0.7863066938276618,-0.23404600759625738,0.48579792990796955,0.04611044756731931,,,,,
MSFT,5,rw_vol,0.14253942967771976,0.04253942967771976,1.0250453442868048,-0.24975890628144215,0.6206992344562714,0.11857492241545575,,,,,
MSFT,20,ewma,0.1068751464800899,0.006875146480089897,0.8046152060901264,-0.17443229102422497,0.44322405803075865,0.007109844565579339,,,,,
MSFT,20,garch11,0.10764377243621671,0.007643772436216709,0.8183771214977867,-0.19061620451576478,0.44063619996949427,0.01068587205386161,,,,,
MSFT,20,gbm_gated,0.11207633549315293,0.012076335493152929,0.7935346077683633,-0.18001808148182863,0.44546896178702994,0.03723600381609471,,,,,
MSFT,20,gbm_pooled,0.11066809539174426,0.01066809539174425,0.7375608497743337,-0.1825624197429364,0.4433449117811415,0.027516912952573157,,,,,
MSFT,20,har,0.10662323819587417,0.006623238195874168,0.8350979012339086,-0.18107059546439952,0.4399801116108306,0.020100159446813832,,,,,
MSFT,20,regime_features,0.1074010840318512,0.007401084031851191,0.7592395150103377,-0.21311160824277053,0.44321044691099126,0.025011494868036527,,,,,
MSFT,20,regime_gate_shuffle,0.11157118475340164,0.011571184753401631,0.7373044944279544,-0.2004529536460714,0.4461653532304666,0.04330200124045276,,,,,
MSFT,20,regime_normal,0.10832514614264396,0.008325146142643958,0.7640685887461376,-0.20746407923430776,0.44507668663316463,0.02746493169621789,,,,,
MSFT,20,regime_shrunk,0.1078075256396376,0.007807525639637589,0.7712000843573207,-0.2086755235803961,0.4447675581241703,0.025028685335912137,,,,,
MSFT,20,regime_single,0.10720074733519577,0.007200747335195767,0.7670089289978197,-0.2165558885396215,0.44261436781926444,0.024005941470771175,,,,,
MSFT,20,ridge,0.10720074733519577,0.007200747335195767,0.7670089289978197,-0.2165558885396215,0.44261436781926444,0.024005941470771175,,,,,
MSFT,20,rw_vol,0.11548089357400472,0.015480893574004714,0.8937564321552429,-0.16523605956849285,0.49697694162879047,0.019350840814284485,,,,,
QQQ,1,ewma,0.1352633368307753,0.03526333683077529,0.8791220708802391,-0.2201894115715417,0.800237398450863,0.0227198148226719,0.053194741669214306,0.4064708915149129,0.799223637918418,0.6859866265168975,-0.020693439085949106
QQQ,1,garch11,0.13377394725431047,0.03377394725431046,0.9052602735424776,-0.22157710594419677,0.8002692929200325,0.045175573679340685,0.05166615713848976,0.6635909036627605,0.30369400369014565,0.5360398266424233,-0.0207224899609855
QQQ,1,gbm_gated,0.1380349227771516,0.03803492277715159,0.801727548459445,-0.2509538614123784,0.8257826320343034,0.15225634225873197,0.052583307856924486,0.5012696499889724,0.7083239178744697,0.743711491987086,-0.020967035969178986
QQQ,1,gbm_pooled,0.13899431427953604,0.038994314279536035,0.7836724888074015,-0.28495823643403606,0.8197718142704535,0.12063848826087481,0.053194741669214306,0.4064708915149129,0.799223637918418,0.6859866265168975,-0.02128946121130245
QQQ,1,har,0.13505464497496875,0.03505464497496874,0.8913058668144792,-0.20707089493543074,0.8081143661657274,0.06141331127060337,0.051971874044634665,0.6070524478869648,0.7628883971072901,0.8371490255882358,-0.020547303990505323
QQQ,1,regime_features,0.14360246308757404,0.04360246308757404,0.7682123740675327,-0.2590779075545694,0.8421496534878348,0.13912830015132643,0.0528890247630694,0.452424683094097,0.957420255298925,0.7529846765709007,-0.020810466467295806
QQQ,1,regime_gate_shuffle,0.13679604777008567,0.03679604777008566,0.8839902619704225,-0.2547296183416412,0.8185864267381578,0.16502080987847195,0.051971874044634665,0.6070524478869648,0.5000776359889456,0.6979341085177948,-0.02078538647435725
QQQ,1,regime_normal,0.14181466887521635,0.04181466887521634,0.7017676640103966,-0.25949307587339576,0.8294244921424805,0.1343109011811615,0.05105472332619994,0.7826521086026035,0.5702670032259687,0.8194117264956174,-0.020776661421056372
QQQ,1,regime_shrunk,0.14078296353167283,0.04078296353167282,0.7641978996502368,-0.2631306348887398,0.8371164629234676,0.13240893448486216,0.05136044023234485,0.7222243965398011,0.8953753829946912,0.9306867320889997,-0.020821021593512554
QQQ,1,regime_single,0.1471857195637869,0.04718571956378689,0.7154908413643107,-0.2658176861714939,0.8456791295107026,0.14526439238813293,0.05227759095077958,0.5528716038875297,0.7354169509472972,0.7919976780622822,-0.02096116769676889
QQQ,1,ridge,0.1471857195637869,0.04718571956378689,0.7154908413643107,-0.2658176861714939,0.8456791295107026,0.14526439238813293,0.05227759095077958,0.5528716038875297,0.7354169509472972,0.7919976780622822,-0.02096116769676889
QQQ,1,rw_vol,0.3405596888076773,0.24055968880767728,0.8228272832746536,-0.37373602324446964,1.5613616908640857,1.3250287465485449,0.051971874044634665,0.6070524478869648,0.0005072102657357469,0.002077211287594527,-0.05790076428983263
QQQ,5,ewma,0.1114303400971885,0.01143034009718849,0.8701050452492669,-0.18894103184152944,0.6520734913338451,0.017145777179115994,,,,,
QQQ,5,garch11,0.11008823612665952,0.010088236126659517,0.9082071827376157,-0.1902941465052057,0.6512665844357551,0.03323201097122962,,,,,
QQQ,5,gbm_gated,0.11261436868320386,0.012614368683203855,0.8744247030462214,-0.20510863258361456,0.6671547714950364,0.07572805404759025,,,,,
QQQ,5,gbm_pooled,0.11194759366914421,0.011947593669144205,0.8388202976594198,-0.22882935609322674,0.6611860090006705,0.0620129899397126,,,,,
QQQ,5,har,0.11053146713796246,0.01053146713796245,0.8938096467811157,-0.17371413569133964,0.6564160278471377,0.048355964014426676,,,,,
QQQ,5,regime_features,0.1130743395393405,0.013074339539340493,0.8121434233665531,-0.20777383870931,0.6764864137742451,0.06927365442727182,,,,,
QQQ,5,regime_gate_shuffle,0.11864905972196084,0.018649059721960834,0.7539565062625823,-0.20665455302564117,0.6777370952899162,0.09329016481999823,,,,,
QQQ,5,regime_normal,0.11497838540212808,0.014978385402128078,0.8245774931899028,-0.19307623116490136,0.6764508926922769,0.07366209770231827,,,,,
QQQ,5,regime_shrunk,0.11281713003981407,0.012817130039814065,0.8312514052926127,-0.1959269831709488,0.6736502447891097,0.06963915844342043,,,,,
QQQ,5,regime_single,0.11299006638957247,0.012990066389572466,0.8048127522598504,-0.2035015055177829,0.6784747877625293,0.06886281042310081,,,,,
QQQ,5,ridge,0.11299006638957247,0.012990066389572466,0.8048127522598504,-0.2035015055177829,0.6784747877625293,0.06886281042310081,,,,,
QQQ,5,rw_vol,0.13446963366663184,0.03446963366663183,0.7587064893543799,-0.18068097234921776,0.8111612897592272,0.14881682364739213,,,,,
QQQ,20,ewma,0.10531002614783926,0.00531002614783925,0.8528681189814504,-0.19028271822528742,0.5938853617736607,0.011612684846740674,,,,,
QQQ,20,garch11,0.10434947983616115,0.004349479836161144,0.8936698662635322,-0.1924529518621685,0.5927383222618143,0.02156765895624717,,,,,
QQQ,20,gbm_gated,0.1075960269341063,0.007596026934106298,0.8714263124389273,-0.2274616959992508,0.6001738665025113,0.04955910437322607,,,,,
QQQ,20,gbm_pooled,0.10714718601836873,0.007147186018368723,0.8618353214082624,-0.21376067145494848,0.5992327389105873,0.03948618998174256,,,,,
QQQ,20,har,0.1044037387955294,0.004403738795529397,0.8865455575010389,-0.17431915957555544,0.5972681790728095,0.03405589945198421,,,,,
QQQ,20,regime_features,0.10505661279675085,0.005056612796750848,0.8134485560996264,-0.20981898211583438,0.6077777115338261,0.0431612274326251,,,,,
QQQ,20,regime_gate_shuffle,0.10747122861165101,0.007471228611651004,0.8046320946404111,-0.20325276660076463,0.6059325289676744,0.06742873467620829,,,,,
QQQ,20,regime_normal,0.10558363315958491,0.005583633159584905,0.8211887036782166,-0.24245252059238986,0.5998332972768841,0.047464551852119105,,,,,
QQQ,20,regime_shrunk,0.10468641548289723,0.0046864154828972215,0.8141994639911635,-0.22505480434990255,0.5984916848779019,0.04190811018642483,,,,,
QQQ,20,regime_single,0.10411429878343217,0.004114298783432169,0.8255415377818052,-0.20633534953630694,0.604184402966676,0.04084285049722544,,,,,
QQQ,20,ridge,0.10411429878343217,0.004114298783432169,0.8255415377818052,-0.20633534953630694,0.604184402966676,0.04084285049722544,,,,,
QQQ,20,rw_vol,0.1103940804599149,0.010394080459914898,0.8974996160917638,-0.17191114966076715,0.6620745038834215,0.02416995842612763,,,,,
SPY,1,ewma,0.13748643143300743,0.03748643143300742,0.7917761543532207,-0.1947265651628306,1.0450517779821384,0.031270905955815706,0.05074900642005503,0.8445391654641157,0.12129971547001506,0.2953911425461986,-0.015794000879020685
SPY,1,garch11,0.13419863625025558,0.03419863625025557,0.8384989257754121,-0.18193795081783548,1.0344005885714662,0.07102268465259312,0.05013757260776521,0.9712139049968392,0.19167559408980728,0.42613598886206294,-0.015773198116034687
SPY,1,gbm_gated,0.14110046290209557,0.04110046290209557,0.7561832263919867,-0.2248066317210804,1.0649671743364308,0.19224950131122193,0.055029043106083766,0.19373933346586192,0.005917637609008652,0.009734470192606981,-0.015881737720178788
SPY,1,gbm_pooled,0.1389021654880609,0.038902165488060886,0.7537044031917853,-0.2539451103677147,1.0484290312893483,0.15876102400736714,0.05564047691837359,0.1456745805386277,0.0351973307154787,0.03776876650536087,-0.015831350620109947
SPY,1,har,0.13737046532814956,0.037370465328149555,0.7879539439873446,-0.1922033476035152,1.0597744489391978,0.10502074104707816,0.05013757260776521,0.9712139049968392,0.10319560063532762,0.26490720149340385,-0.015967964499220756
SPY,1,regime_features,0.14666432701078042,0.04666432701078041,0.6172574737588237,-0.2049211854470031,1.1163669967122376,0.23920025178731494,0.052583307856924486,0.5012696499889724,0.025981525234475167,0.06688720142059701,-0.01603475061778626
SPY,1,regime_gate_shuffle,0.14258091197350556,0.04258091197350555,0.6334638977343647,-0.21748642796907747,1.0472150452053175,0.2031737079618609,0.05105472332619994,0.7826521086026035,0.13120579522851794,0.30815868420635995,-0.016098788157292307
SPY,1,regime_normal,0.14498513128776022,0.044985131287760216,0.631949292940238,-0.2501674078662358,1.0650279868700288,0.18097845760122694,0.05411189238764904,0.28665480154890266,0.043267418591177886,0.07352757693212619,-0.01586876318357817
SPY,1,regime_shrunk,0.14326795066842377,0.04326795066842376,0.6405850403226081,-0.19823572410885526,1.0785018017454922,0.18210166415234816,0.05136044023234485,0.7222243965398011,0.016738400938171694,0.05366552809185887,-0.016007849977617
SPY,1,regime_single,0.14802155046782028,0.04802155046782028,0.63106004098,-0.21513368609088468,1.11798825216997,0.24384884266169599,0.053806175481504126,0.3235573391117139,0.07753374188170337,0.12935636830485486,-0.015952172470653826
SPY,1,ridge,0.14802155046782028,0.04802155046782028,0.63106004098,-0.21513368609088468,1.11798825216997,0.24384884266169599,0.053806175481504126,0.3235573391117139,0.07753374188170337,0.12935636830485486,-0.015952172470653826
SPY,1,rw_vol,0.3095209123377273,0.20952091233772732,0.631610439604873,-0.526040289084508,1.8267568527592737,1.40547011471291,0.05350045857535922,0.3634989342716898,0.011429090454020185,0.02700971151432474,-0.0492733306069804
SPY,5,ewma,0.11199212563682612,0.011992125636826112,0.7959917945525596,-0.16398037829500245,0.8385394453576379,0.02245331813109314,,,,,
SPY,5,garch11,0.10930358020049581,0.009303580200495806,0.8596580205897859,-0.1536983898370048,0.8288353731717559,0.04937515092060869,,,,,
SPY,5,gbm_gated,0.11219953602616785,0.012199536026167843,0.8212024193420084,-0.18595354781381168,0.8444524438337172,0.09817744480399908,,,,,
SPY,5,gbm_pooled,0.11119414984464915,0.011194149844649143,0.7961705385142026,-0.19896784635304943,0.8378961230891372,0.08093027848051668,,,,,
SPY,5,har,0.11054431585083317,0.010544315850833166,0.8196260526906712,-0.16093535107095702,0.8440026749921277,0.07539359671859584,,,,,
SPY,5,regime_features,0.11309825087286549,0.01309825087286548,0.7243111962197666,-0.1557322285404762,0.8798895679333679,0.10763649003155962,,,,,
SPY,5,regime_gate_shuffle,0.11860678343620361,0.018606783436203603,0.6919915040312425,-0.17488866581666562,0.8677212676550021,0.13305242706371417,,,,,
SPY,5,regime_normal,0.11254121364892512,0.012541213648925117,0.7364252571824071,-0.15716185364030566,0.8502458722750661,0.10727962301486979,,,,,
SPY,5,regime_shrunk,0.11181151451113504,0.011811514511135032,0.7356216182316236,-0.1592237716077134,0.8559185471923265,0.09888566556569356,,,,,
SPY,5,regime_single,0.11197110449857808,0.011971104498578078,0.7321246703899547,-0.15294106857657763,0.8776364593572359,0.10539444677888567,,,,,
SPY,5,ridge,0.11197110449857808,0.011971104498578078,0.7321246703899547,-0.15294106857657763,0.8776364593572359,0.10539444677888567,,,,,
SPY,5,rw_vol,0.13390969493233568,0.03390969493233567,0.7147487558877254,-0.239647623496549,1.0586480310476682,0.18609946595950808,,,,,
SPY,20,ewma,0.1038360486459068,0.003836048645906795,0.7893255006137543,-0.17550098295175265,0.7444625154333989,0.014567736286542038,,,,,
SPY,20,garch11,0.1020611010992392,0.002061101099239196,0.8542619885777571,-0.15377499348106172,0.7356095386825687,0.029908141895568226,,,,,
SPY,20,gbm_gated,0.10787316758847953,0.00787316758847953,0.7840051858099841,-0.2139299896285618,0.7443929547353846,0.06465783071187642,,,,,
SPY,20,gbm_pooled,0.10688539846754343,0.0068853984675434216,0.7666163484414926,-0.21685619004000412,0.7414633059719138,0.05172390163135573,,,,,
SPY,20,har,0.10261912558489171,0.0026191255848917044,0.8324897427525703,-0.15633419258028058,0.748900179614136,0.04985865513724074,,,,,
SPY,20,regime_features,0.10044326021893038,0.0004432602189303747,0.7849444722737007,-0.15114504905712445,0.7531922418170113,0.05900009947507816,,,,,
SPY,20,regime_gate_shuffle,0.1055393654016571,0.005539365401657101,0.7158587333175878,-0.1646352540436583,0.750437973035211,0.0796334789196547,,,,,
SPY,20,regime_normal,0.10179932318222695,0.0017993231822269473,0.7813345581552339,-0.1606046135480279,0.7405290129381971,0.057000853368115965,,,,,
SPY,20,regime_shrunk,0.10045253410601766,0.0004525341060176574,0.7869066991213931,-0.1532144337197796,0.7428160741368011,0.05356398122306756,,,,,
SPY,20,regime_single,0.10100198053860503,0.0010019805386050212,0.7805337995229936,-0.15003909830580198,0.7574026359917577,0.05765479446103141,,,,,
SPY,20,ridge,0.10100198053860503,0.0010019805386050212,0.7805337995229936,-0.15003909830580198,0.7574026359917577,0.05765479446103141,,,,,
SPY,20,rw_vol,0.1126837865050695,0.012683786505069489,0.7653326747513566,-0.15666708226114257,0.8598500685787793,0.03302125192889383,,,,,
TLT,1,ewma,0.1273058462949472,0.0273058462949472,0.2208583313955303,-0.44466891823786636,0.9491134420543852,0.02213582341277612,0.04891470498318557,0.7750420387043221,0.6528961714162558,0.867646466457826,-0.01460098328034369
TLT,1,garch11,0.12756157966663006,0.02756157966663006,0.21030908817174854,-0.44744640881867603,0.943330244431158,0.028652898792601227,0.04922042188933048,0.837507878667058,0.9635284936436531,0.978167062697654,-0.01498480534583453
TLT,1,gbm_gated,0.13207604339021764,0.032076043390217635,0.21889044488531936,-0.46472272343662013,0.9325540802613405,0.10821760927110147,0.04952613879547539,0.9008905089572621,0.7081025120732989,0.9251082897219629,-0.015024037430470257
TLT,1,gbm_pooled,0.1301554359777086,0.03015543597770859,0.17760202353710963,-0.46914164711349327,0.9230738985196454,0.09345973120755359,0.04922042188933048,0.837507878667058,0.7379138476828446,0.9258771640944747,-0.014657954454220678
TLT,1,har,0.1288222671505101,0.02882226715051009,0.17249459613374973,-0.48863056747041556,0.9482100280692671,0.07276173915075634,0.05044328951391012,0.9075218766436027,0.6197307026641956,0.878209361288171,-0.01503625281188803
TLT,1,regime_features,0.12841794403877702,0.02841794403877701,0.17500086886151656,-0.49117653608125844,0.9342136908815963,0.09759007861377458,0.047997554264750844,0.5969039657907119,0.8493796930345034,0.853953716920683,-0.01496039538343892
TLT,1,regime_gate_shuffle,0.13482632373097192,0.034826323730971914,0.1748431994728866,-0.4676966787133289,0.9373017306911905,0.1298361840737566,0.051971874044634665,0.6070524478869648,0.45820985415784765,0.6653934637688232,-0.014943688846407066
TLT,1,regime_normal,0.1298803353920013,0.0298803353920013,0.15915322599979395,-0.4781243455923663,0.9366456587219717,0.07546833011374754,0.05013757260776521,0.9712139049968392,0.7646649747003139,0.9555583423442189,-0.01489532232643469
TLT,1,regime_shrunk,0.1284176832377663,0.028417683237766306,0.1468310007710451,-0.4864888196163679,0.9323043894401797,0.08301018317820018,0.05013757260776521,0.9712139049968392,0.5147947393580286,0.8083132698103156,-0.014933133418814625
TLT,1,regime_single,0.1286309941921434,0.028630994192143405,0.16412576113329141,-0.49786675616236076,0.9387748629536408,0.10481727543164931,0.05166615713848976,0.6635909036627605,0.9100539567805512,0.9039541848911321,-0.015024106716873676
TLT,1,ridge,0.1286309941921434,0.028630994192143405,0.16412576113329141,-0.49786675616236076,0.9387748629536408,0.10481727543164931,0.05166615713848976,0.6635909036627605,0.9100539567805512,0.9039541848911321,-0.015024106716873676
TLT,1,rw_vol,0.2678100291709747,0.16781002917097468,0.009228817333747035,-0.8663309337697714,1.6223052508466076,1.2939275429275097,0.05227759095077958,0.5528716038875297,,,-0.04035677666245506
TLT,5,ewma,0.10685324163498312,0.006853241634983118,0.2074426749133804,-0.3944927931840454,0.7913330949344859,0.016585333638590997,,,,,
TLT,5,garch11,0.10719884779959912,0.007198847799599117,0.1986390056733233,-0.39822718718409433,0.7868700219034517,0.0208305262733558,,,,,
TLT,5,gbm_gated,0.11036967154210325,0.010369671542103248,0.16389707444548854,-0.41385097441239993,0.7798324089492266,0.055132465000866694,,,,,
TLT,5,gbm_pooled,0.10854578430457393,0.008545784304573922,0.17150716444075784,-0.4072939878781524,0.77165783400614,0.04721824647330267,,,,,
TLT,5,har,0.1076359534692748,0.0076359534692748005,0.16565514013996693,-0.4306684139469966,0.7890710028795157,0.044007380390710095,,,,,
TLT,5,regime_features,0.10952259029542569,0.009522590295425681,0.1537633762267974,-0.4374021100746064,0.7832023830460183,0.048756982773599765,,,,,
TLT,5,regime_gate_shuffle,0.11168100000651877,0.011681000006518769,0.09934088501689413,-0.47238951538004204,0.7860922341072969,0.08225133515149063,,,,,
TLT,5,regime_normal,0.10897231661716997,0.008972316617169962,0.143722042430304,-0.42273323805977603,0.7822204455240347,0.04539211847630213,,,,,
TLT,5,regime_shrunk,0.10727003335000175,0.007270033350001745,0.13639446624955523,-0.4314764228707726,0.7790186642763747,0.04517820891238357,,,,,
TLT,5,regime_single,0.10865180308387179,0.008651803083871784,0.14621903222893057,-0.44068369662127493,0.7892249757226334,0.050213185967687306,,,,,
TLT,5,ridge,0.10865180308387179,0.008651803083871784,0.14621903222893057,-0.44068369662127493,0.7892249757226334,0.050213185967687306,,,,,
TLT,5,rw_vol,0.12653547200413787,0.02653547200413786,0.23281043579048225,-0.46447992531645066,0.9206401134784032,0.15286854919633283,,,,,
TLT,20,ewma,0.1023769648181712,0.0023769648181711928,0.1916471041125816,-0.39291650018627966,0.7485806576624766,0.013098044615337147,,,,,
TLT,20,garch11,0.10302489098276923,0.0030248909827692294,0.1809553169916568,-0.3981863693293288,0.7453684324146536,0.01506759042966024,,,,,
TLT,20,gbm_gated,0.10488286300218883,0.00488286300218882,0.1433265981182554,-0.39609886215217516,0.7391618365494751,0.03963684854818689,,,,,
TLT,20,gbm_pooled,0.1050457121044363,0.005045712104436301,0.1630337632335696,-0.39978827096577985,0.738448254589266,0.03242854268157373,,,,,
TLT,20,har,0.10302592225000314,0.0030259222500031296,0.1622401169797906,-0.4183201060020899,0.7484995521761065,0.030143368908711818,,,,,
TLT,20,regime_features,0.10513906579617416,0.005139065796174153,0.14435807511863913,-0.43795545843832306,0.7480316694454158,0.0421463526364465,,,,,
TLT,20,regime_gate_shuffle,0.1052755852942648,0.005275585294264792,0.1014418319281676,-0.442172196057275,0.7351992590600864,0.06062844040392178,,,,,
TLT,20,regime_normal,0.10557034403622981,0.005570344036229802,0.13739351172976583,-0.4306505372808196,0.7398899118452029,0.041509042885249474,,,,,
TLT,20,regime_shrunk,0.103880815940217,0.0038808159402169973,0.11586388370227704,-0.44321543335185964,0.7429798950732985,0.04049870355077019,,,,,
TLT,20,regime_single,0.10520672954553366,0.005206729545533653,0.13766635430644797,-0.4386464736403679,0.7566240232342234,0.04218842830927909,,,,,
TLT,20,ridge,0.10520672954553366,0.005206729545533653,0.13766635430644797,-0.4386464736403679,0.7566240232342234,0.04218842830927909,,,,,
TLT,20,rw_vol,0.10609314363012819,0.006093143630128181,0.23578519562037292,-0.38030691082912504,0.7999228125015817,0.025381034088390673,,,,,
TSLA,1,ewma,0.14478183885601592,0.044781838856015915,0.5382264238536478,-0.28706287826530685,0.26134457299163666,0.005864722735675198,0.05281090289608177,0.5915905459215123,0.025395914225652905,0.07119902753413743,-0.06145949706677019
TSLA,1,garch11,0.14276916779873153,0.04276916779873152,0.503632428484184,-0.2877438675482985,0.25461091150034915,0.005152927702917921,0.054514480408858604,0.39127903714035395,0.09094467344172241,0.1659169694985264,-0.06141802330774257
TSLA,1,gbm_gated,0.1597832296575669,0.05978322965756688,0.6452746732149014,-0.31129578135073155,0.27560947173669115,0.0565014029120873,0.055082339579784215,0.33528984342776524,0.2455939936063326,0.3203707022624164,-0.063560373185992
TSLA,1,gbm_pooled,0.15317942114583932,0.05317942114583932,0.6475600792206669,-0.29003069041370644,0.2702258375413642,0.040032021781183556,0.054514480408858604,0.39127903714035395,0.26486886626337824,0.3719312453133111,-0.060315587299374245
TSLA,1,har,0.14643672030294919,0.04643672030294918,0.5359529738461563,-0.28214580358538255,0.2614175183318189,0.014655759978478768,0.05167518455423055,0.7483117213069999,0.3775136555158807,0.6434769980740065,-0.062061246002177044
TSLA,1,regime_features,0.1541805619339103,0.0541805619339103,0.6289996693629818,-0.26451110836608416,0.26983264884480673,0.04044505501508486,0.05281090289608177,0.5915905459215123,0.11913973896422347,0.25711535736301694,-0.061251160853492526
TSLA,1,regime_gate_shuffle,0.15591154101812274,0.055911541018122735,0.6072887066248379,-0.2606770366062574,0.268745158417312,0.04579010907435566,0.05337876206700738,0.5196958105137165,,,-0.061054027754354735
TSLA,1,regime_normal,0.15340810538661398,0.053408105386613974,0.6244612473340491,-0.2746744552375444,0.26667115473873004,0.033365131727686535,0.04997160704145372,0.9956376514029075,0.1813779056352478,0.40935857938944453,-0.06158155051705748
TSLA,1,regime_shrunk,0.15412080523592814,0.05412080523592813,0.610512854384527,-0.27692171427608503,0.2677802929624755,0.03639451346156873,0.05110732538330494,0.8317391250530191,0.1539958123830869,0.35392131627798373,-0.06125950637586616
TSLA,1,regime_single,0.15459617185757882,0.05459617185757881,0.6364659178230822,-0.29023219460989536,0.2698541350000622,0.04282481419354473,0.05167518455423055,0.7483117213069999,0.03132045860908961,0.09356177886288386,-0.06192674517243247
TSLA,1,ridge,0.15459617185757882,0.05459617185757881,0.6364659178230822,-0.29023219460989536,0.2698541350000622,0.04282481419354473,0.05167518455423055,0.7483117213069999,0.03132045860908961,0.09356177886288386,-0.06192674517243247
TSLA,1,rw_vol,0.6704200629126679,0.5704200629126679,-0.10027419789175694,-0.9851382461746635,0.7525936576450415,0.8668798831095889,0.05337876206700738,0.5196958105137165,,,-0.22758050632094287
TSLA,5,ewma,0.11644242089161119,0.016442420891611187,0.5398475817832245,-0.232494970932843,0.20825178367734967,0.004128718688881107,,,,,
TSLA,5,garch11,0.11502917258945947,0.01502917258945946,0.5133617802289727,-0.2365206821903153,0.20393744250164242,0.003463309786592851,,,,,
TSLA,5,gbm_gated,0.12205629315502892,0.02205629315502891,0.5994347285995505,-0.22989882271757078,0.21347413857460298,0.02568596086601436,,,,,
TSLA,5,gbm_pooled,0.12144449391198237,0.02144449391198236,0.6551406144538356,-0.22999512160698066,0.21294063580669856,0.020163031693483224,,,,,
TSLA,5,har,0.11768047793830996,0.017680477938309958,0.5356575396776485,-0.23472844002229476,0.2079689729511409,0.01076341437630294,,,,,
TSLA,5,regime_features,0.12183329225995491,0.02183329225995491,0.5377904002637086,-0.2480306332890192,0.21162382315873082,0.01641120648310847,,,,,
TSLA,5,regime_gate_shuffle,0.1252837131129345,0.02528371311293451,0.5476700785049029,-0.2551431096866835,0.21557803933969338,0.024765960444110384,,,,,
TSLA,5,regime_normal,0.12421261525600008,0.024212615256000075,0.5512200253604614,-0.2560222778977227,0.2170927923124972,0.022148001790238046,,,,,
TSLA,5,regime_shrunk,0.12354958539086824,0.02354958539086824,0.5638453972149049,-0.24906803599522875,0.21497980323748733,0.01675213875868438,,,,,
TSLA,5,regime_single,0.12097660909696072,0.02097660909696071,0.5491599851685489,-0.24017553219840226,0.2108325037474056,0.015805620600085786,,,,,
TSLA,5,ridge,0.12097660909696072,0.02097660909696071,0.5491599851685489,-0.24017553219840226,0.2108325037474056,0.015805620600085786,,,,,
TSLA,5,rw_vol,0.15262714921766793,0.05262714921766792,0.38054487808377674,-0.31346540929192956,0.25621558418315515,0.04941454942633625,,,,,
TSLA,20,ewma,0.10858942107178886,0.008589421071788853,0.5479301454390828,-0.21788649494685042,0.1928720726931283,0.003450531694645889,,,,,
TSLA,20,garch11,0.10742916466627772,0.0074291646662777155,0.5189076143869311,-0.22154604165093872,0.18955863188394947,0.0027269564695914903,,,,,
TSLA,20,gbm_gated,0.11527496009624322,0.015274960096243212,0.6165401732778462,-0.22559813720968713,0.2007425923008377,0.016570206457810252,,,,,
TSLA,20,gbm_pooled,0.11518056763778199,0.015180567637781986,0.6527681498703403,-0.2173235882835891,0.20043363829421396,0.0115448792689827,,,,,
TSLA,20,har,0.10985076069301808,0.009850760693018074,0.5581348289700013,-0.21648548210419127,0.1936424048899643,0.00611838461410417,,,,,
TSLA,20,regime_features,0.11756938757072076,0.017569387570720754,0.505665985638214,-0.22449693287744732,0.19705095468381115,0.009034393142460979,,,,,
TSLA,20,regime_gate_shuffle,0.18925164760726218,0.08925164760726217,0.5683995125532617,-0.22296295071134775,0.19615910677677564,0.028034037489225835,,,,,
TSLA,20,regime_normal,0.11755967982803515,0.01755967982803515,0.4878298257963516,-0.24648666183141776,0.19797306648722554,0.01271812885201739,,,,,
TSLA,20,regime_shrunk,0.11778556506153014,0.01778556506153013,0.486307956212478,-0.24699350644807605,0.19908355273870892,0.011910161599230756,,,,,
TSLA,20,regime_single,0.11498514458738589,0.014985144587385882,0.5236738529527133,-0.22715399551815307,0.19608595492236958,0.008221135685049705,,,,,
TSLA,20,ridge,0.11498514458738589,0.014985144587385882,0.5236738529527133,-0.22715399551815307,0.19608595492236958,0.008221135685049705,,,,,
TSLA,20,rw_vol,0.11180459205504494,0.01180459205504493,0.5225717199710173,-0.24030419990655816,0.20606248666358035,0.007456715675531556,,,,,
USO,1,ewma,0.1344142336692778,0.03441423366927779,-0.15857625011954563,-0.6387068215465546,0.45666651018380283,0.012940245761449662,0.052021206096752814,0.6126614371776203,0.7627547489588191,0.8405321420802647,-0.03844119174466414
USO,1,garch11,0.13271694177724427,0.03271694177724427,-0.1387792487603077,-0.6341786407267715,0.45167667347881807,0.017516386109974864,0.05467196819085487,0.2456750948679246,0.9932920207955604,0.509716250379539,-0.038367928580250614
USO,1,gbm_gated,0.1401013300723361,0.0401013300723361,-0.17405721807707292,-0.6709351209533163,0.4442689206582635,0.0702260318484417,0.05533465871438038,0.1858376012099615,0.5514886364732411,0.34906951482316473,-0.036868379789898285
USO,1,gbm_pooled,0.13560651638667956,0.035606516386679554,-0.25311458223607963,-0.6821095472641272,0.43173217302046135,0.046864702790162326,0.0583167660702452,0.040869076025383144,0.38216934967046445,0.0843674480710962,-0.03768946156302481
USO,1,har,0.13443314497536435,0.034433144975364344,-0.10137205991021458,-0.6143729233776661,0.4565733605035035,0.039563379366645356,0.053015241882041084,0.4514625724741189,0.34411717357918203,0.4814249612041397,-0.03782821215264489
USO,1,regime_features,0.13651760081649425,0.036517600816494244,-0.1301926712122284,-0.6231895571942353,0.4492393524318758,0.04629864671398872,0.05400927766732936,0.31817303559086285,0.2915065836095605,0.34835055587717023,-0.0375370471637789
USO,1,regime_gate_shuffle,0.13862603723184483,0.03862603723184482,-0.1117882215190508,-0.6047706517127641,0.4415362857589212,0.05921678547455161,0.0559973492379059,0.1376886221392889,0.8554814302635027,0.3268065882415302,-0.03763908255418589
USO,1,regime_normal,0.1374839940302617,0.0374839940302617,-0.08986224342868175,-0.6182213147586693,0.44661781859152144,0.042861409768963354,0.0559973492379059,0.1376886221392889,0.8714048404350464,0.32794712077858246,-0.03725918812550146
USO,1,regime_shrunk,0.1364837020687217,0.0364837020687217,-0.07423443629256435,-0.6041183101131977,0.44453587218530566,0.04012499710182815,0.05666003976143141,0.09990620531239325,0.17942504084995947,0.10490396065295515,-0.03710378301372325
USO,1,regime_single,0.13683539926452878,0.03683539926452878,-0.1347435986649835,-0.612999306032908,0.447676824111287,0.04859667379421983,0.05400927766732936,0.31817303559086285,0.057623377032734124,0.10021162096754144,-0.03800278108983405
USO,1,ridge,0.13683539926452878,0.03683539926452878,-0.1347435986649835,-0.612999306032908,0.447676824111287,0.04859667379421983,0.05400927766732936,0.31817303559086285,0.057623377032734124,0.10021162096754144,-0.03800278108983405
USO,1,rw_vol,0.4437962053746204,0.3437962053746204,-0.08316336050793725,-0.9701566741332146,1.0113668558610673,1.0078524339155313,0.051027170311464545,0.7963442301786097,0.0013672320204983768,0.005752950024761061,-0.10560978836977493
USO,5,ewma,0.11073470552275415,0.010734705522754143,-0.16918879331976627,-0.567149006042548,0.3727538336993729,0.00972488443893398,,,,,
USO,5,garch11,0.10933927932333833,0.00933927932333832,-0.15436384823075383,-0.5617258935012724,0.36828468929817665,0.012757621838445641,,,,,
USO,5,gbm_gated,0.11347823205133789,0.013478232051337885,-0.16472231933488116,-0.5948491124626616,0.3668823255975209,0.0339603583811772,,,,,
USO,5,gbm_pooled,0.11104629887324106,0.011046298873241059,-0.1731625447779855,-0.5801161525746902,0.36277730603014274,0.024015827827869988,,,,,
USO,5,har,0.10984107761898687,0.009841077618986865,-0.11555485739824135,-0.5458743658109722,0.3715376886668112,0.020209080470299318,,,,,
USO,5,regime_features,0.11267935888667464,0.012679358886674638,-0.07634427824848196,-0.5429741887827767,0.3729135066363579,0.02715478962871336,,,,,
USO,5,regime_gate_shuffle,0.11599412781517816,0.015994127815178158,-0.13436141433685947,-0.549787706711742,0.3736956242480314,0.03694265121709679,,,,,
USO,5,regime_normal,0.11161934416101045,0.011619344161010445,-0.14532612685384438,-0.5531808688452928,0.3688762883248882,0.02301853331111531,,,,,
USO,5,regime_shrunk,0.11215461417947194,0.012154614179471931,-0.14027084119044578,-0.5534571324807864,0.3713019732377408,0.02221681928693056,,,,,
USO,5,regime_single,0.11347502187939654,0.013475021879396532,-0.07420980466440952,-0.5359680225362176,0.37826931441872164,0.027751164642707177,,,,,
USO,5,ridge,0.11347502187939654,0.013475021879396532,-0.07420980466440952,-0.5359680225362176,0.37826931441872164,0.027751164642707177,,,,,
USO,5,rw_vol,0.13244788524711304,0.032447885247113034,0.03916677288164039,-0.5513626681152947,0.4415545118415756,0.07632605704684794,,,,,
USO,20,ewma,0.10371376605098559,0.003713766050985584,-0.17970336992730493,-0.5465277553262373,0.3446797600267417,0.00788643745911223,,,,,
USO,20,garch11,0.10273855267046077,0.0027385526704607616,-0.15878540448327402,-0.5398064678667723,0.3408773375234785,0.009756611680208915,,,,,
USO,20,gbm_gated,0.10917600217028997,0.009176002170289965,-0.12762573284896,-0.5619612118629356,0.34450974548428964,0.028291583628457982,,,,,
USO,20,gbm_pooled,0.10758315648073136,0.007583156480731351,-0.14929339260201285,-0.5570802997010172,0.340600205687628,0.020842149729433965,,,,,
USO,20,har,0.10347221066961261,0.003472210669612605,-0.1326003720491414,-0.534619391719372,0.3461610913089032,0.015546818913093422,,,,,
USO,20,regime_features,0.10622998351758874,0.00622998351758873,-0.06357109770439862,-0.5099351739716922,0.35179739254196596,0.022917341096358835,,,,,
USO,20,regime_gate_shuffle,0.11018203894725338,0.010182038947253377,0.01585538736506005,-0.5125331169663856,0.34790587984752247,0.040259832495417334,,,,,
USO,20,regime_normal,0.10555534180899155,0.005555341808991546,-0.09720693436686675,-0.5205521267790406,0.3413905633105886,0.020813250478015567,,,,,
USO,20,regime_shrunk,0.10584089367558434,0.005840893675584338,-0.08217467653021086,-0.5162529039792774,0.3479855479521471,0.02036300121700928,,,,,
USO,20,regime_single,0.10598251663616258,0.005982516636162574,-0.07410388649395844,-0.5097256810886319,0.35247812124817013,0.021318796771093083,,,,,
USO,20,ridge,0.10598251663616258,0.005982516636162574,-0.07410388649395844,-0.5097256810886319,0.35247812124817013,0.021318796771093083,,,,,
USO,20,rw_vol,0.10996840731987702,0.009968407319877012,-0.11561653005826313,-0.5465936675279959,0.37741982284138115,0.012889874868589604,,,,,
XLE,1,ewma,0.13252884402169185,0.032528844021691844,0.08491406493216126,-0.5386596591897053,0.6183315270727557,0.016842124607443092,0.052583307856924486,0.5012696499889724,0.053932659859240784,0.12449187976449005,-0.026438088873675783
XLE,1,garch11,0.13087627357471368,0.030876273574713675,0.09005702493919326,-0.5242564079010409,0.6076609327118575,0.02363593559509699,0.05411189238764904,0.28665480154890266,0.26524699633164384,0.3047648563428913,-0.026666323048378862
XLE,1,gbm_gated,0.14433836633580863,0.04433836633580862,0.17506620361121586,-0.5205096811137443,0.6096493460116381,0.1014460396201916,0.05533476001222867,0.16840199802507383,0.015060718346693647,0.020176609698077108,-0.026969887859127233
XLE,1,gbm_pooled,0.139028148047769,0.039028148047768996,0.12746052572966016,-0.5081824415278766,0.5949852179303645,0.07201223023783185,0.05686334454295323,0.07770937159718283,0.005547132570819513,0.004507555218708936,-0.026176339638101856
XLE,1,har,0.133104631616697,0.033104631616696995,0.07197696876190214,-0.5170821871523401,0.616628697722135,0.04521460775742924,0.0498318557016203,0.9647868004205822,0.17855506865067772,0.4042267465956385,-0.026784625564232407
XLE,1,regime_features,0.13617567544212603,0.03617567544212602,0.09175927223657315,-0.5131956795820666,0.6186293643677533,0.1029458290436536,0.05625191073066341,0.10743622819738463,0.3998691676865451,0.19202553528993271,-0.02711249509742435
XLE,1,regime_gate_shuffle,0.13166405801506872,0.03166405801506872,0.12840879302970123,-0.47717385638338927,0.5952935115426105,0.09314946783911097,0.05686334454295323,0.07770937159718283,0.17215668604378764,0.08306631228568806,-0.026155426388595967
XLE,1,regime_normal,0.1331878747189694,0.03318787471896939,0.13828972492884267,-0.48549507283840854,0.6006312792376243,0.06842851440106212,0.05686334454295323,0.07770937159718283,0.2854506868962724,0.1192465295424614,-0.02666485860600401
XLE,1,regime_shrunk,0.13282734064384374,0.03282734064384374,0.1453056415564234,-0.4790537909586837,0.606007084911784,0.0741114437688434,0.05472332619993886,0.22182148338544527,0.4706425066326143,0.3654931522353668,-0.026438411470444963
XLE,1,regime_single,0.13471451383457236,0.03471451383457236,0.09869021702040794,-0.5068504454879659,0.6143744569598499,0.10254907959865492,0.053806175481504126,0.3235573391117139,0.24880651515829344,0.31592430991483433,-0.026886843504608002
XLE,1,ridge,0.13471451383457236,0.03471451383457236,0.09869021702040794,-0.5068504454879659,0.6143744569598499,0.10254907959865492,0.053806175481504126,0.3235573391117139,0.24880651515829344,0.31592430991483433,-0.026886843504608002
XLE,1,rw_vol,0.3911908611825082,0.29119086118250814,0.2677501122775751,-0.8352879124710613,1.272962233456917,1.195107338013733,0.053806175481504126,0.3235573391117139,,,-0.07991815895575788
XLE,5,ewma,0.109411415298339,0.009411415298338999,0.08048595669899322,-0.4714440293333716,0.5067357244637056,0.01315944394880995,,,,,
XLE,5,garch11,0.10823772945572051,0.008237729455720502,0.09028571474550365,-0.45704721834192363,0.4988964525891124,0.018309871207416995,,,,,
XLE,5,gbm_gated,0.11500283387233355,0.015002833872333546,0.1625045258834445,-0.43827425320384694,0.49806294029683856,0.04403980159741282,,,,,
XLE,5,gbm_pooled,0.11521675870077182,0.015216758700771812,0.12828270172354442,-0.45431379808782013,0.4963589425578168,0.034353179545775915,,,,,
XLE,5,har,0.10964438498789042,0.009644384987890414,0.09095964089428721,-0.4484934541515956,0.5052813273854695,0.03205700568667244,,,,,
XLE,5,regime_features,0.11102564995328223,0.01102564995328223,0.09712109073549634,-0.43061406852126505,0.5132588458557645,0.045873561495809,,,,,
XLE,5,regime_gate_shuffle,0.1122886374273315,0.012288637427331495,0.11735364832270612,-0.4217557668721347,0.5013553742820879,0.052947893640041876,,,,,
XLE,5,regime_normal,0.10993491381503127,0.009934913815031268,0.1302424398363099,-0.4273811468048524,0.5002838853312184,0.03803429997815987,,,,,
XLE,5,regime_shrunk,0.10898299031252799,0.008982990312527986,0.12857851267311785,-0.42939820061837863,0.503856193093451,0.039305417664211646,,,,,
XLE,5,regime_single,0.10990428870938326,0.009904288709383258,0.11365238201961966,-0.42383513948840423,0.510074157347521,0.04407658497124017,,,,,
XLE,5,ridge,0.10990428870938326,0.009904288709383258,0.11365238201961966,-0.42383513948840423,0.510074157347521,0.04407658497124017,,,,,
XLE,5,rw_vol,0.13128009112516234,0.031280091125162335,0.1006251299404911,-0.44907545063952425,0.605777247274329,0.10947231152143191,,,,,
XLE,20,ewma,0.10251685762674766,0.002516857626747651,0.08753348220804576,-0.44924450451584164,0.4630393009807287,0.010026525833160414,,,,,
XLE,20,garch11,0.10143264207440682,0.001432642074406812,0.09552329367767355,-0.43602503640933443,0.45540662615205757,0.013486016393989102,,,,,
XLE,20,gbm_gated,0.11228808835163666,0.012288088351636653,0.11262058788435841,-0.45461136834308447,0.4714818500789063,0.03310792502168594,,,,,
XLE,20,gbm_pooled,0.11158872070634811,0.011588720706348102,0.12023204365159156,-0.45060935187719864,0.4665067758021255,0.023935762468852196,,,,,
XLE,20,har,0.10268408634168158,0.002684086341681574,0.09428863710206557,-0.4357831840588804,0.46346085646452545,0.023153028005910663,,,,,
XLE,20,regime_features,0.10494358479628478,0.004943584796284775,0.07762066231684313,-0.4211106829854433,0.4714498937503676,0.031306308720630824,,,,,
XLE,20,regime_gate_shuffle,0.10786164468933354,0.007861644689333536,0.0980967799281148,-0.4345278848893859,0.47298540060413446,0.04554479062085,,,,,
XLE,20,regime_normal,0.10422252683916866,0.0042225268391686555,0.09137626840278493,-0.4273245049526555,0.4704450962208917,0.03091399956352885,,,,,
XLE,20,regime_shrunk,0.10397414201349106,0.0039741420134910554,0.09642923653367384,-0.43005913730556344,0.46946549071066446,0.027502020845821012,,,,,
XLE,20,regime_single,0.10254146901562505,0.0025414690156250475,0.10685236426044653,-0.41695407442854215,0.4637649313037952,0.027676499820870594,,,,,
XLE,20,ridge,0.10254146901562505,0.0025414690156250475,0.10685236426044653,-0.41695407442854215,0.4637649313037952,0.027676499820870594,,,,,
XLE,20,rw_vol,0.10863157772411239,0.008631577724112383,0.0802862013089897,-0.45519406466992574,0.5140418643296749,0.017501853834524347,,,,,
XLF,1,ewma,0.1373620934252965,0.037362093425296505,0.537321757276238,-0.22707778215372576,0.797659940026311,0.023249048610858924,0.05350045857535922,0.3634989342716898,0.07098053383793146,0.12964134020892382,-0.019339179476531826
XLF,1,garch11,0.13427974105376514,0.034279741053765134,0.585225934341933,-0.2323878153683444,0.7883935823896234,0.05570569617731587,0.053194741669214306,0.4064708915149129,0.3605647014816138,0.46649293570302974,-0.019144931703983296
XLF,1,gbm_gated,0.14264370955588485,0.04264370955588484,0.5347875643993465,-0.26227867680220884,0.7993487250324873,0.1345524484315799,0.0528890247630694,0.452424683094097,0.0131998089616151,0.03496698437998769,-0.019149800904416855
XLF,1,gbm_pooled,0.1391944915705612,0.03919449157056121,0.528831050039023,-0.2293066569945047,0.7779882275690077,0.09417388473090772,0.05350045857535922,0.3634989342716898,0.016620802816497693,0.037595395441261115,-0.019277840157128457
XLF,1,har,0.13694547273683605,0.036945472736836044,0.5701613449196524,-0.2435311690368317,0.7993341016343086,0.08032202326933842,0.052583307856924486,0.5012696499889724,0.741865863423081,0.755503843269519,-0.019155001084301577
XLF,1,regime_features,0.1373442747884659,0.03734427478846589,0.5721996617399274,-0.22362129752610416,0.7952564372372847,0.1305384959977839,0.054417609293793946,0.2527632445308938,0.09206999485851974,0.1258222917270535,-0.019319870784520608
XLF,1,regime_gate_shuffle,0.13670024383966542,0.036700243839665414,0.5702509378201525,-0.22273909361585476,0.7848207594359782,0.13202779361942665,0.0528890247630694,0.452424683094097,0.05920068144260604,0.12718613618730312,-0.01895364248498132
XLF,1,regime_normal,0.14306668228060734,0.04306668228060734,0.43781525918312597,-0.3210733200788163,0.7937512380960385,0.10944460521916582,0.053194741669214306,0.4064708915149129,0.032026700383249396,0.0711415851073719,-0.019007942011401147
XLF,1,regime_shrunk,0.14320868783675061,0.04320868783675061,0.4441535576553255,-0.31465978157074326,0.804154237438314,0.1154226036153424,0.053806175481504126,0.3235573391117139,0.03920592216167673,0.07329832284179683,-0.019310308311084916
XLF,1,regime_single,0.1428612867266122,0.042861286726612186,0.5602183401618712,-0.24931603500914046,0.8359237114387328,0.16980357845465074,0.05411189238764904,0.28665480154890266,0.009378693773239521,0.019404316972468916,-0.019621829947700824
XLF,1,ridge,0.1428612867266122,0.042861286726612186,0.5602183401618712,-0.24931603500914046,0.8359237114387328,0.16980357845465074,0.05411189238764904,0.28665480154890266,0.009378693773239521,0.019404316972468916,-0.019621829947700824
XLF,1,rw_vol,0.31882394355713156,0.21882394355713156,0.5516847786230952,-0.5348655743012192,1.5146512898308806,1.2643822677467336,0.05074900642005503,0.8445391654641157,0.0007754642061232886,0.003452161105582441,-0.055224267445390406
XLF,5,ewma,0.11286879278813632,0.01286879278813631,0.5421315991216649,-0.1947587579998199,0.6459954075560241,0.016435113332458454,,,,,
XLF,5,garch11,0.1100786342878002,0.01007863428780019,0.5998955057430714,-0.1909808212423555,0.6348958643190156,0.03666118239172891,,,,,
XLF,5,gbm_gated,0.11795939848955643,0.017959398489556425,0.5106464219808865,-0.2246672168984043,0.6410800853412096,0.059187991540754874,,,,,
XLF,5,gbm_pooled,0.11661688795996125,0.016616887959961246,0.5292776588048106,-0.22001412519157848,0.6367070152246124,0.0482624160786563,,,,,
XLF,5,har,0.11166368587430725,0.011663685874307245,0.5892413837181503,-0.19586714145244266,0.6437377896410266,0.05688725293063185,,,,,
XLF,5,regime_features,0.11497794097898377,0.014977940978983764,0.5436106182397639,-0.20046799122707437,0.6630807355671428,0.07566708614537206,,,,,
XLF,5,regime_gate_shuffle,0.11738806440991316,0.017388064409913154,0.5715861878225598,-0.19231525692990514,0.6542205141354739,0.07971433270903637,,,,,
XLF,5,regime_normal,0.1131200151511116,0.013120015151111594,0.5421031460494519,-0.2027525614457789,0.6459214413226777,0.052128858584457594,,,,,
XLF,5,regime_shrunk,0.11279938547480985,0.01279938547480984,0.5591421276853648,-0.19148516148930717,0.647447917702495,0.05567242229070175,,,,,
XLF,5,regime_single,0.11402158616191926,0.014021586161919258,0.5446913252175125,-0.19279187222918015,0.6649102042761292,0.07657095926672967,,,,,
XLF,5,ridge,0.11402158616191926,0.014021586161919258,0.5446913252175125,-0.19279187222918015,0.6649102042761292,0.07657095926672967,,,,,
XLF,5,rw_vol,0.13586221934537457,0.03586221934537456,0.5225717646019286,-0.2926912985944624,0.8010227430910468,0.1500772840256509,,,,,
XLF,20,ewma,0.10616169768518888,0.006161697685188872,0.5304091963159706,-0.21349166636994898,0.582767103091088,0.011280162483831192,,,,,
XLF,20,garch11,0.10310900493098647,0.003109004930986467,0.5891901962906099,-0.17647295544471642,0.5678431322992483,0.021413448989426195,,,,,
XLF,20,gbm_gated,0.11115010794293878,0.011150107942938775,0.5120514580639618,-0.2299415351553834,0.5808578555453964,0.04485682491390653,,,,,
XLF,20,gbm_pooled,0.11033224593439439,0.010332245934394385,0.4931942994077943,-0.23778533152808246,0.5756625126232348,0.033028898367873524,,,,,
XLF,20,har,0.1049962447353539,0.0049962447353539,0.571201617891737,-0.2019691605397168,0.5777337428801292,0.034728242742233954,,,,,
XLF,20,regime_features,0.1261838360829228,0.026183836082922796,0.38403100232586057,-0.30116455345212956,0.5903371295001663,0.0523410391262819,,,,,
XLF,20,regime_gate_shuffle,0.1116733003523581,0.011673300352358099,0.5081671970732383,-0.2322115506113137,0.5838483500644717,0.054901110994073306,,,,,
XLF,20,regime_normal,0.10953336325516196,0.00953336325516195,0.5125170741410845,-0.2290500480710339,0.577810430011634,0.03492987918152608,,,,,
XLF,20,regime_shrunk,0.11002681828981366,0.010026818289813652,0.4967633512410498,-0.22905004807103369,0.5835550989744503,0.04002816461784406,,,,,
XLF,20,regime_single,0.10479188825616738,0.004791888256167373,0.5331150543712857,-0.18721446407960807,0.5874137528485416,0.047491173617117154,,,,,
XLF,20,ridge,0.10479188825616738,0.004791888256167373,0.5331150543712857,-0.18721446407960807,0.5874137528485416,0.047491173617117154,,,,,
XLF,20,rw_vol,0.11178367438277262,0.011783674382772613,0.5043339194457672,-0.18760662670391315,0.6482355887673953,0.02451223443880255,,,,,
XLK,1,ewma,0.13660583255039266,0.03660583255039265,0.8529813909776077,-0.19038565102665062,0.789561287122592,0.022854927176683866,0.05227759095077958,0.5528716038875297,0.17692234688379804,0.33697614648706686,-0.021406324635167364
XLK,1,garch11,0.13598010577197467,0.03598010577197466,0.885353766898857,-0.18934793739572864,0.792528367432163,0.04629818952422856,0.05166615713848976,0.6635909036627605,0.7907080806146349,0.8782607992845409,-0.021706913532937896
XLK,1,gbm_gated,0.1422596546829337,0.04225965468293369,0.8218563994083675,-0.22293676735650259,0.8086320814686094,0.14887799037675234,0.05350045857535922,0.3634989342716898,0.3812608901613014,0.4510394470454878,-0.021644616668356445
XLK,1,gbm_pooled,0.14366573274129602,0.04366573274129601,0.8406748417277754,-0.2311171743482372,0.7983210200189924,0.11004816960620865,0.054417609293793946,0.2527632445308938,0.16666839792011656,0.1998253405125947,-0.021842569111379606
XLK,1,har,0.13710252146089946,0.03710252146089946,0.8733627587741696,-0.17846563449066022,0.798602933530893,0.05886353461114416,0.05166615713848976,0.6635909036627605,0.658172645221988,0.8249183166645804,-0.021616886946266577
XLK,1,regime_features,0.1440995293850628,0.044099529385062786,0.720672610247243,-0.23636818205795962,0.8325156932998571,0.1409444089996441,0.0528890247630694,0.452424683094097,0.681637944596331,0.6932053358078527,-0.021865412965489148
XLK,1,regime_gate_shuffle,0.14329334420804588,0.04329334420804587,0.7128011760963203,-0.2226137846788574,0.814075843471692,0.14329994066722457,0.051971874044634665,0.6070524478869648,0.7628883971072901,0.8371490255882358,-0.021692304646829974
XLK,1,regime_normal,0.1410998501828883,0.04109985018288828,0.7737274196387832,-0.22665037703003388,0.8178508914606623,0.12231588663035128,0.053194741669214306,0.4064708915149129,0.799223637918418,0.6859866265168975,-0.02162881308094674
XLK,1,regime_shrunk,0.1410919911434172,0.04109199114341719,0.7834881774751806,-0.2219466416821556,0.8239976067351625,0.11895224893983293,0.05136044023234485,0.7222243965398011,0.8953753829946912,0.9306867320889997,-0.021472658736773682
XLK,1,regime_single,0.14380003783013853,0.04380003783013853,0.742620796879411,-0.2274474727356698,0.8390571198203357,0.14169372116607,0.052583307856924486,0.5012696499889724,0.7083239178744697,0.743711491987086,-0.021942538780885524
XLK,1,ridge,0.14380003783013853,0.04380003783013853,0.742620796879411,-0.2274474727356698,0.8390571198203357,0.14169372116607,0.052583307856924486,0.5012696499889724,0.7083239178744697,0.743711491987086,-0.021942538780885524
XLK,1,rw_vol,0.34000246390475664,0.24000246390475663,0.7881633348636955,-0.5160395027871393,1.5105772461779297,1.3170154987076208,0.0528890247630694,0.452424683094097,0.2432266243692155,0.38167621934358775,-0.06109305648463695
XLK,5,ewma,0.11285194588423242,0.012851945884232413,0.8456985694667647,-0.16509896164208193,0.6444081823106219,0.017191288206534795,,,,,
XLK,5,garch11,0.11231214276962087,0.012312142769620865,0.8942573042384613,-0.16370978850655782,0.646744276459934,0.0342242684415471,,,,,
XLK,5,gbm_gated,0.11569476226163443,0.015694762261634423,0.8406275490882588,-0.1835634345769337,0.6551016190249985,0.06764886594829977,,,,,
XLK,5,gbm_pooled,0.11550097957940314,0.015500979579403135,0.8413626789910339,-0.17028735430687902,0.6516737592675322,0.05632169543931765,,,,,
XLK,5,har,0.1124293903277255,0.012429390327725498,0.8759432296871322,-0.1518940496637664,0.6485454954229845,0.04777835624028044,,,,,
XLK,5,regime_features,0.11426254966091347,0.014262549660913462,0.7949995979219693,-0.1774486477378956,0.6678527538902721,0.06906964677805273,,,,,
XLK,5,regime_gate_shuffle,0.11688349196304343,0.016883491963043423,0.769409759064871,-0.17665051478482374,0.6612469907993875,0.08269205693498949,,,,,
XLK,5,regime_normal,0.11885869829742578,0.01885869829742577,0.769976842403065,-0.16932897374219313,0.6610898429094769,0.06829376653910131,,,,,
XLK,5,regime_shrunk,0.11419134291481667,0.014191342914816663,0.8066408439275154,-0.16448727052183065,0.6608399977901147,0.06316361353577679,,,,,
XLK,5,regime_single,0.11453496882727629,0.014534968827276284,0.7816615966678393,-0.1729835159475258,0.66866978172829,0.0673932183598011,,,,,
XLK,5,ridge,0.11453496882727629,0.014534968827276284,0.7816615966678393,-0.1729835159475258,0.66866978172829,0.0673932183598011,,,,,
XLK,5,rw_vol,0.13500892210102783,0.03500892210102782,0.7348707411691932,-0.1871907517784186,0.7809904822065112,0.14589576148017125,,,,,
XLK,20,ewma,0.10694072863140908,0.006940728631409071,0.8317954449575073,-0.16708524290941074,0.5901926016013614,0.012118025248691218,,,,,
XLK,20,garch11,0.1067925013703199,0.006792501370319892,0.8845393091147811,-0.16669905197450752,0.5928947774810225,0.02313796695219642,,,,,
XLK,20,gbm_gated,0.11132900718915117,0.011329007189151169,0.8329037140233623,-0.1805813660878025,0.6041839328154783,0.05183651445155902,,,,,
XLK,20,gbm_pooled,0.1100044997781186,0.010004499778118597,0.8099759656564108,-0.18008775096669738,0.5953618350173008,0.03740139317774567,,,,,
XLK,20,har,0.1065708541859992,0.006570854185999189,0.868647618920477,-0.15404281750035698,0.5947469987936101,0.03627501442051776,,,,,
XLK,20,regime_features,0.10600532528281349,0.006005325282813487,0.795018968813913,-0.17186748890704817,0.5997596064755276,0.04090630744791515,,,,,
XLK,20,regime_gate_shuffle,0.10999822444509844,0.00999822444509843,0.8289088608264517,-0.16379550638973772,0.6076870933867089,0.05776454927569979,,,,,
XLK,20,regime_normal,0.10798380446885296,0.007983804468852954,0.7996091858322452,-0.19957143255069087,0.6006123454941087,0.04406972391828214,,,,,
XLK,20,regime_shrunk,0.10727204039979982,0.007272040399799812,0.8157326674983724,-0.1911022049459613,0.599838533657204,0.040958137232402186,,,,,
XLK,20,regime_single,0.10629240486805759,0.006292404868057586,0.7954992307088198,-0.183147192295263,0.600580022778221,0.03988654921838461,,,,,
XLK,20,ridge,0.10629240486805759,0.006292404868057586,0.7954992307088198,-0.183147192295263,0.600580022778221,0.03988654921838461,,,,,
XLK,20,rw_vol,0.11003611218592801,0.010036112185928009,0.8678533401773756,-0.1390316797483805,0.643288598117498,0.02323003626626353,,,,,
XOM,1,ewma,0.13399236816896218,0.03399236816896217,0.15417953163176862,-0.4832056418908205,0.6698533102833313,0.01777314812736702,0.05227759095077958,0.5528716038875297,0.3025986767659974,0.49289838393691043,-0.02450101311567428
XOM,1,garch11,0.1338290198879179,0.033829019887917894,0.19207329959257963,-0.44921347709143256,0.6616113702143134,0.027034259506011727,0.05227759095077958,0.5528716038875297,0.4817838921854892,0.6547444690474882,-0.02418048301186494
XOM,1,gbm_gated,0.14202193648874686,0.04202193648874686,0.22283783285477832,-0.4899599961352652,0.6588548480841218,0.094954305958574,0.055029043106083766,0.19373933346586192,0.19228869777898006,0.18369607581808922,-0.024693105906087698
XOM,1,gbm_pooled,0.14211920269744888,0.04211920269744887,0.26843153661529234,-0.4812243783483505,0.6550089656663215,0.08142912099614837,0.054417609293793946,0.2527632445308938,0.04766935193690136,0.07318348659738239,-0.024309877367746983
XOM,1,har,0.1341114986614354,0.0341114986614354,0.1623809296971779,-0.4434277751764548,0.6678774097890211,0.04685759038038844,0.05350045857535922,0.3634989342716898,0.3812608901613014,0.4510394470454878,-0.024511430153352887
XOM,1,regime_features,0.1398774774543591,0.0398774774543591,0.18760674182927342,-0.4602386694738526,0.6769342580964806,0.10791675474210956,0.05350045857535922,0.3634989342716898,0.8282590758190974,0.6463496345729772,-0.024518218822981375
XOM,1,regime_gate_shuffle,0.13633106363115846,0.036331063631158456,0.24899599241004114,-0.4345198180372575,0.6476677054029892,0.0828489195524011,0.05411189238764904,0.28665480154890266,0.26524699633164384,0.3047648563428913,-0.023737507749683102
XOM,1,regime_normal,0.13639045442562026,0.03639045442562025,0.1963197698699626,-0.459716566297692,0.6483089213048672,0.06554514165730838,0.05564047691837359,0.1456745805386277,0.7748539460067183,0.3330736729573843,-0.024089769430884485
XOM,1,regime_shrunk,0.1362399445059386,0.03623994450593859,0.2100935835825528,-0.4510836580246508,0.6573871574828566,0.07619860874105706,0.053806175481504126,0.3235573391117139,0.608164435426894,0.5386525516961006,-0.024287781928384804
XOM,1,regime_single,0.1408662430110488,0.0408662430110488,0.16647687634981367,-0.47198082610233094,0.6849329028358033,0.11902128778017894,0.05350045857535922,0.3634989342716898,0.8282590758190974,0.6463496345729772,-0.024460991436954595
XOM,1,ridge,0.1408662430110488,0.0408662430110488,0.16647687634981367,-0.47198082610233094,0.6849329028358033,0.11902128778017894,0.05350045857535922,0.3634989342716898,0.8282590758190974,0.6463496345729772,-0.024460991436954595
XOM,1,rw_vol,0.36603248379897935,0.26603248379897937,0.47795033487141997,-0.6128139434346176,1.3201146769970302,1.1746589339767701,0.05105472332619994,0.7826521086026035,,,-0.07080108346462023
XOM,5,ewma,0.11144982620831409,0.011449826208314084,0.15392799039288488,-0.4246942174535556,0.5500522807495812,0.013616512715835777,,,,,
XOM,5,garch11,0.1117235643999956,0.011723564399995598,0.19431299802791405,-0.39527550547480195,0.5434589578649275,0.020466587482273913,,,,,
XOM,5,gbm_gated,0.11742499221792825,0.017424992217928245,0.24621569083554334,-0.3525787101603812,0.5387240906194598,0.048407052720151715,,,,,
XOM,5,gbm_pooled,0.11697749047658773,0.016977490476587725,0.21571349712751606,-0.39892411611010736,0.5405220480726819,0.04261705715007152,,,,,
XOM,5,har,0.11084365783228593,0.010843657832285927,0.18442683201721705,-0.3790340504183243,0.5469117379195662,0.03853350248038613,,,,,
XOM,5,regime_features,0.11330561301907371,0.013305613019073709,0.20939892208682773,-0.3811141813584742,0.5510137677077781,0.051421513375243484,,,,,
XOM,5,regime_gate_shuffle,0.11516323997975729,0.015163239979757284,0.2591200378275207,-0.4056841256954794,0.5477189132863877,0.05293194882520973,,,,,
XOM,5,regime_normal,0.11416542578761202,0.014165425787612013,0.23376186346730926,-0.4056793572257109,0.5460818178866402,0.04247973379931315,,,,,
XOM,5,regime_shrunk,0.11029633167054244,0.010296331670542433,0.21353020720903249,-0.4000317426389046,0.5430931135018218,0.042486381442834155,,,,,
XOM,5,regime_single,0.11082335430320354,0.010823354303203539,0.18647185732844176,-0.39769219980910786,0.5504625675914558,0.05033435459713538,,,,,
XOM,5,ridge,0.11082335430320354,0.010823354303203539,0.18647185732844176,-0.39769219980910786,0.5504625675914558,0.05033435459713538,,,,,
XOM,5,rw_vol,0.1323024308909444,0.032302430890944395,0.16446723474681924,-0.33042046275031056,0.6624217980902576,0.11916406366269758,,,,,
XOM,20,ewma,0.1042834087033127,0.004283408703312688,0.16297994042374261,-0.4079259576183675,0.5013435548575721,0.010154830892623548,,,,,
XOM,20,garch11,0.10521817165270288,0.0052181716527028715,0.20296527928617755,-0.3844729930938078,0.4962119348605516,0.015225513359386534,,,,,
XOM,20,gbm_gated,0.1159892116968251,0.0159892116968251,0.19072186074302844,-0.413797980654093,0.5085474490553867,0.030743215464835317,,,,,
XOM,20,gbm_pooled,0.11527838053999577,0.015278380539995765,0.18530572539757081,-0.4078603598210141,0.5068828052999518,0.025738256031948008,,,,,
XOM,20,har,0.10382025768810044,0.0038202576881004313,0.183355462502943,-0.3804885252846616,0.5002150527563597,0.02394695512589874,,,,,
XOM,20,regime_features,0.10668672438473994,0.006686724384739939,0.19300680294747535,-0.39338070111162404,0.5054516057344101,0.02978515952967614,,,,,
XOM,20,regime_gate_shuffle,0.10921811642400069,0.00921811642400068,0.21612330375232777,-0.38838673516528566,0.506141070224379,0.03606005837519562,,,,,
XOM,20,regime_normal,0.11220036543821033,0.01220036543821032,0.1905904283871317,-0.42264128525804,0.5087786499586658,0.027419672433409523,,,,,
XOM,20,regime_shrunk,0.10647506636263064,0.006475066362630635,0.17344700537641713,-0.4227369728406615,0.5047092478419154,0.028579749830360466,,,,,
XOM,20,regime_single,0.10493511247136593,0.004935112471365924,0.1845415898667379,-0.39284075194291546,0.5024817813633805,0.028950760032824194,,,,,
XOM,20,ridge,0.10493511247136593,0.004935112471365924,0.1845415898667379,-0.39284075194291546,0.5024817813633805,0.028950760032824194,,,,,
XOM,20,rw_vol,0.10818869054507028,0.008188690545070279,0.15324850030463052,-0.38814644263765696,0.5524448828298161,0.018970616486991075,,,,,
