ticker,asset_class,horizon,model,n_oos,rmse,qlike,mean_vol,sample_start,sample_end,improvement_pct,dm_stat_vs_pooled,dm_p_vs_pooled,ci_lower_pct,ci_upper_pct,sel_K_mean,sel_K_mode,sel_soft_frac,sel_lambda_mean,sel_lambda_is_one_frac
XLK,Technology,1,rw_vol,3771,0.011997781441000291,68.39972876117244,0.011961096443526168,2005-02-03,2026-07-10,-34.00566801827702,10.086558457871854,0.0,-39.65771202547885,-28.10449482300679,,,,,
XLK,Technology,1,ridge,3771,0.008953189531777055,1.8456940760068372,0.011961096443526168,2005-02-03,2026-07-10,0.0,,,,,,,,,
XLK,Technology,1,har,3771,0.009090727014801292,1.7221559758330562,0.011961096443526168,2005-02-03,2026-07-10,-1.5361842004582045,1.9357797850250593,0.05296935202896913,-3.0687243835636924,0.019844679437786006,,,,,
XLK,Technology,1,ewma,3771,0.009184219433430705,1.7254988866103047,0.011961096443526168,2005-02-03,2026-07-10,-2.5804200931262367,3.1546102714088913,0.0016197729067308764,-4.151944896962889,-0.9844421044376661,,,,,
XLK,Technology,1,garch11,3771,0.009020826508823158,1.6947125345869622,0.011961096443526168,2005-02-03,2026-07-10,-0.7554511920700773,0.7325285511586074,0.4638915613941754,-2.7500729039092953,1.2794630885925473,,,,,
XLK,Technology,1,regime_normal,3771,0.009129956944234591,1.787241639607927,0.011961096443526168,2005-02-03,2026-07-10,-1.9743512837536359,2.962227746932445,0.003073296528624647,-3.260345343833193,-0.6719311375175563,3.0,2.0,0.7333333333333333,,
XLK,Technology,1,regime_gate_shuffle,3771,0.009059182741782704,1.8520635798068712,0.011961096443526168,2005-02-03,2026-07-10,-1.18385978124838,2.514742625253549,0.01195322065778015,-2.0973212395493546,-0.2620763607602994,2.6666666666666665,2.0,0.8,,
XLK,Technology,1,regime_single,3771,0.008953189531777055,1.8456940760068372,0.011961096443526168,2005-02-03,2026-07-10,0.0,,,,,2.0,2.0,0.0,,
XLK,Technology,1,regime_features,3771,0.009001999217618533,1.8656547889964505,0.011961096443526168,2005-02-03,2026-07-10,-0.5451653365344297,3.12774515718361,0.0017749599095406854,-0.8853942786078983,-0.20378119787654025,,4.0,,,
XLK,Technology,1,regime_shrunk,3771,0.009020811510437755,1.7826377381938192,0.011961096443526168,2005-02-03,2026-07-10,-0.7552836720443904,2.192770956812367,0.028384782924394614,-1.4258330479457237,-0.08024163739071,,4.0,,0.4266666666666667,0.06666666666666667
XLK,Technology,5,rw_vol,3771,0.006754903613631304,0.848188755541293,0.011961096443526168,2005-02-03,2026-07-10,-16.576106127227778,3.409438064594474,0.0006578022951324591,-25.117573841433295,-7.357206351538581,,,,,
XLK,Technology,5,ridge,3771,0.00579441520053792,0.4943839123933459,0.011961096443526168,2005-02-03,2026-07-10,0.0,,,,,,,,,
XLK,Technology,5,har,3771,0.0060765609515515025,0.4660577760238829,0.011961096443526168,2005-02-03,2026-07-10,-4.869270517366263,3.165700894177252,0.0015594307546062947,-7.774666846450096,-1.881053115021225,,,,,
XLK,Technology,5,ewma,3771,0.006287537883901325,0.48249841247464403,0.011961096443526168,2005-02-03,2026-07-10,-8.510309777553147,2.9478665265476978,0.0032193883813520507,-13.818624265700086,-2.928593822632597,,,,,
XLK,Technology,5,garch11,3771,0.005978260366181035,0.4579625618547473,0.011961096443526168,2005-02-03,2026-07-10,-3.1727993124491274,2.2127217809436295,0.02697653329112204,-5.90467948051816,-0.3665875680872288,,,,,
XLK,Technology,5,regime_normal,3771,0.006053493131154019,0.5836140440455303,0.011961096443526168,2005-02-03,2026-07-10,-4.47116614273771,2.863479782141757,0.004213291593326174,-7.425249151440139,-1.431084758066259,2.6666666666666665,3.0,0.7333333333333333,,
XLK,Technology,5,regime_gate_shuffle,3771,0.006038591408097199,0.5517662872291358,0.011961096443526168,2005-02-03,2026-07-10,-4.213992251307957,2.449421524737281,0.014353786381339217,-7.468005496732522,-0.8550452702571487,2.7333333333333334,2.0,0.7333333333333333,,
XLK,Technology,5,regime_single,3771,0.00579441520053792,0.4943839123933459,0.011961096443526168,2005-02-03,2026-07-10,0.0,,,,,2.0,2.0,0.0,,
XLK,Technology,5,regime_features,3771,0.005862813510300316,0.4944910625449862,0.011961096443526168,2005-02-03,2026-07-10,-1.180417822941746,2.4878587854179424,0.012894360795730364,-2.101048616248291,-0.25133302411814995,,2.0,,,
XLK,Technology,5,regime_shrunk,3771,0.005840322844371287,0.4957451817613504,0.011961096443526168,2005-02-03,2026-07-10,-0.7922739783836092,2.1603892880082167,0.030805361234176987,-1.5059250170933902,-0.07353383333330576,,3.0,,0.45,0.13333333333333333
XLK,Technology,20,rw_vol,3771,0.00640048871109442,0.40960019245345003,0.011961096443526168,2005-02-03,2026-07-10,-14.30639317901696,1.6236068555791052,0.1045433441440482,-29.49229495083665,3.234052520746944,,,,,
XLK,Technology,20,ridge,3771,0.005599414462383148,0.3680937322782686,0.011961096443526168,2005-02-03,2026-07-10,0.0,,,,,,,,,
XLK,Technology,20,har,3771,0.0056537721835331995,0.3610934283687425,0.011961096443526168,2005-02-03,2026-07-10,-0.970775096489583,0.5581218217668201,0.5767943422245887,-4.309365481139227,2.4820471908178043,,,,,
XLK,Technology,20,ewma,3771,0.005804689366556102,0.39012079170144287,0.011961096443526168,2005-02-03,2026-07-10,-3.6660066075121023,1.0905548650873234,0.2755384950530957,-9.949751267661,3.0240542810900717,,,,,
XLK,Technology,20,garch11,3771,0.005626346039809938,0.3761809364514201,0.011961096443526168,2005-02-03,2026-07-10,-0.4809713159780667,0.41492111793744124,0.6782232595304065,-2.723209273705196,1.8124576653668067,,,,,
XLK,Technology,20,regime_normal,3771,0.005744777761817452,0.4022906765864008,0.011961096443526168,2005-02-03,2026-07-10,-2.596044647361877,1.9976650104596063,0.04582472182726627,-5.081570655677425,-0.048789413479766175,2.7333333333333334,2.0,0.6,,
XLK,Technology,20,regime_gate_shuffle,3771,0.005811042741586919,0.43638909862485237,0.011961096443526168,2005-02-03,2026-07-10,-3.7794715969944646,1.6284322961314557,0.10351680925855589,-8.15477539160938,0.7885993955669801,2.4,2.0,1.0,,
XLK,Technology,20,regime_single,3771,0.005599414462383148,0.3680937322782686,0.011961096443526168,2005-02-03,2026-07-10,0.0,,,,,2.0,2.0,0.0,,
XLK,Technology,20,regime_features,3771,0.0055739371111679795,0.368579155470895,0.011961096443526168,2005-02-03,2026-07-10,0.4550002752310112,-0.9947803459327987,0.31990695034131633,-0.43977899583163005,1.3578957256232371,,2.0,,,
XLK,Technology,20,regime_shrunk,3771,0.005700092816790458,0.3885243606409076,0.011961096443526168,2005-02-03,2026-07-10,-1.7980157583202088,1.572922364946874,0.11582070854275428,-3.995666145821386,0.44813689563975023,,2.0,,0.36666666666666664,0.2
IWM,US small cap,1,rw_vol,3771,0.012041928121377136,105.61874243499555,0.013018826350425576,2005-02-03,2026-07-10,-35.27945819356848,11.529434171609454,0.0,-40.39959655193128,-29.957750466625942,,,,,
IWM,US small cap,1,ridge,3771,0.008901520069770385,1.5402038170550354,0.013018826350425576,2005-02-03,2026-07-10,0.0,,,,,,,,,
IWM,US small cap,1,har,3771,0.008985588327791276,1.572392657239318,0.013018826350425576,2005-02-03,2026-07-10,-0.9444258661662411,1.612425693167683,0.10695303884043206,-2.0810090363051925,0.20510122741924652,,,,,
IWM,US small cap,1,ewma,3771,0.008960512857682618,1.5504314713348495,0.013018826350425576,2005-02-03,2026-07-10,-0.6627271235681713,0.860674130335849,0.3894722764003049,-2.1563516762514556,0.8533960435056942,,,,,
IWM,US small cap,1,garch11,3771,0.00887395263640566,1.5282080563960005,0.013018826350425576,2005-02-03,2026-07-10,0.3096935483900597,-0.4025611735781113,0.6872939012542494,-1.1896741209079131,1.8319591102263777,,,,,
IWM,US small cap,1,regime_normal,3771,0.009214679447151417,1.6857725101141559,0.013018826350425576,2005-02-03,2026-07-10,-3.518043827643802,3.225470313232028,0.0012684018647837192,-5.59921965362935,-1.3941596165602865,3.2,4.0,0.4,,
IWM,US small cap,1,regime_gate_shuffle,3771,0.009191123306401108,1.7252094105304177,0.013018826350425576,2005-02-03,2026-07-10,-3.2534132862792435,2.9091699967255136,0.0036450917214927436,-5.3893685996446505,-1.0723290357089077,3.0,2.0,0.6666666666666666,,
IWM,US small cap,1,regime_single,3771,0.008901520069770385,1.5402038170550354,0.013018826350425576,2005-02-03,2026-07-10,0.0,,,,,2.0,2.0,0.0,,
IWM,US small cap,1,regime_features,3771,0.008996727518241106,1.5655812364987847,0.013018826350425576,2005-02-03,2026-07-10,-1.069563936546586,4.893489296067952,1.0320781549388869e-06,-1.4949259209269483,-0.6424041890539689,,2.0,,,
IWM,US small cap,1,regime_shrunk,3771,0.008911694276494258,1.536719235784099,0.013018826350425576,2005-02-03,2026-07-10,-0.11429740812947227,0.8313816161152351,0.405810733344921,-0.38332226331483366,0.15545231497975376,,4.0,,0.49333333333333335,0.13333333333333333
IWM,US small cap,5,rw_vol,3771,0.006660728654859577,0.7538819701465325,0.013018826350425576,2005-02-03,2026-07-10,-13.37745015718033,2.6941602019102953,0.007087893936180256,-22.19526552689919,-3.8133396587279655,,,,,
IWM,US small cap,5,ridge,3771,0.00587482664817872,0.39086326185354786,0.013018826350425576,2005-02-03,2026-07-10,0.0,,,,,,,,,
IWM,US small cap,5,har,3771,0.006014330930016503,0.41276641083507065,0.013018826350425576,2005-02-03,2026-07-10,-2.3746110343703664,1.9794387196782715,0.04783926215679979,-4.673524724211675,-0.02287333748764997,,,,,
IWM,US small cap,5,ewma,3771,0.005966545738936912,0.40936689861429254,0.013018826350425576,2005-02-03,2026-07-10,-1.5612220794059624,0.7264856682984692,0.46758619247785616,-5.6594775215939475,2.7095150058927153,,,,,
IWM,US small cap,5,garch11,3771,0.005835601108564474,0.39534599679389865,0.013018826350425576,2005-02-03,2026-07-10,0.6676884606698393,-0.37186214865094513,0.7100163874367662,-2.803780431863423,4.264954377144092,,,,,
IWM,US small cap,5,regime_normal,3771,0.006017309964469023,0.40900964119877176,0.013018826350425576,2005-02-03,2026-07-10,-2.4253195000140897,4.329757179968746,1.531541296273531e-05,-3.504857172492759,-1.334281914176505,2.8,2.0,0.7333333333333333,,
IWM,US small cap,5,regime_gate_shuffle,3771,0.005960970853098983,0.40977447154911767,0.013018826350425576,2005-02-03,2026-07-10,-1.4663276055467744,2.068900363691867,0.038623443897467746,-2.836599843297982,-0.07729516819328097,2.533333333333333,2.0,0.6,,
IWM,US small cap,5,regime_single,3771,0.00587482664817872,0.39086326185354786,0.013018826350425576,2005-02-03,2026-07-10,0.0,,,,,2.0,2.0,0.0,,
IWM,US small cap,5,regime_features,3771,0.005969956723052223,0.4010252107314917,0.013018826350425576,2005-02-03,2026-07-10,-1.619283096684982,3.2724852871725743,0.0010756722442164524,-2.5771749614075024,-0.6522755386344947,,4.0,,,
IWM,US small cap,5,regime_shrunk,3771,0.005897654898939993,0.39052120203509944,0.013018826350425576,2005-02-03,2026-07-10,-0.3885774360397485,1.998431439129928,0.045741599559776525,-0.7683414908470576,-0.007371290557989241,,2.0,,0.6266666666666667,0.3333333333333333
IWM,US small cap,20,rw_vol,3771,0.005954765368904602,0.373412649597331,0.013018826350425576,2005-02-03,2026-07-10,-8.2884529525992,1.6001618668540394,0.1096464690279344,-17.650507593532616,1.9635978387685715,,,,,
IWM,US small cap,20,ridge,3771,0.0054989846161263055,0.32190662741046644,0.013018826350425576,2005-02-03,2026-07-10,0.0,,,,,,,,,
IWM,US small cap,20,har,3771,0.005461470309159119,0.322282988431507,0.013018826350425576,2005-02-03,2026-07-10,0.6822042538030084,-0.5910340383224607,0.5545330462459068,-1.5632110223066098,2.979572920930551,,,,,
IWM,US small cap,20,ewma,3771,0.005389567360478196,0.3390519260840108,0.013018826350425576,2005-02-03,2026-07-10,1.9897719904004172,-0.8212458245852194,0.4115581876967431,-2.696667486188975,6.911847820366868,,,,,
IWM,US small cap,20,garch11,3771,0.005343896163155274,0.3191837210027877,0.013018826350425576,2005-02-03,2026-07-10,2.820310726387917,-1.4394811154913185,0.1500972804999765,-1.0015785974353264,6.798792199576664,,,,,
IWM,US small cap,20,regime_normal,3771,0.005672359394072661,0.3468838125792684,0.013018826350425576,2005-02-03,2026-07-10,-3.1528507542631963,2.9397571385713266,0.003304652298729005,-5.203052572262412,-1.0610655343608943,2.933333333333333,2.0,0.8666666666666667,,
IWM,US small cap,20,regime_gate_shuffle,3771,0.005551386149857822,0.3510607584587096,0.013018826350425576,2005-02-03,2026-07-10,-0.952931084364985,1.2774660296979732,0.20151642781265044,-2.3981959282958654,0.513327225806659,2.6666666666666665,2.0,0.7333333333333333,,
IWM,US small cap,20,regime_single,3771,0.0054989846161263055,0.32190662741046644,0.013018826350425576,2005-02-03,2026-07-10,0.0,,,,,2.0,2.0,0.0,,
IWM,US small cap,20,regime_features,3771,0.005512115584949874,0.3236644598813097,0.013018826350425576,2005-02-03,2026-07-10,-0.2387889717869094,0.5287469105384536,0.5970121565781028,-1.1192965597161653,0.649521932055952,,2.0,,,
IWM,US small cap,20,regime_shrunk,3771,0.005523754416618976,0.324837522364566,0.013018826350425576,2005-02-03,2026-07-10,-0.45044316763554093,1.3670351514409382,0.17169579312578875,-1.0929626384092561,0.19621264632313506,,2.0,,0.7300000000000001,0.4
SPY,US large cap,1,rw_vol,3771,0.009436105993974658,148.93930487852182,0.009594637083549837,2005-02-03,2026-07-10,-35.42176896926249,10.424154813453729,0.0,-41.09386870865181,-29.501471938948786,,,,,
SPY,US large cap,1,ridge,3771,0.00696793880761994,2.1185281941170744,0.009594637083549837,2005-02-03,2026-07-10,0.0,,,,,,,,,
SPY,US large cap,1,har,3771,0.007133268128800965,1.8413834282849748,0.009594637083549837,2005-02-03,2026-07-10,-2.3727148837791967,2.3287659436096066,0.019924066783751027,-4.328477912211226,-0.37885336001977077,,,,,
SPY,US large cap,1,ewma,3771,0.0072633047235853634,1.856861070199974,0.009594637083549837,2005-02-03,2026-07-10,-4.238928097968084,3.5204812117053668,0.0004358625557925322,-6.526531039346972,-1.8999825650120927,,,,,
SPY,US large cap,1,garch11,3771,0.007051886090915496,1.7779844303998156,0.009594637083549837,2005-02-03,2026-07-10,-1.2047649328342829,1.065975130547588,0.2865031453729223,-3.3839761241549304,1.0224148052668913,,,,,
SPY,US large cap,1,regime_normal,3771,0.00722492989333609,4.769987195445845,0.009594637083549837,2005-02-03,2026-07-10,-3.68819378027706,3.186914394859518,0.0014497425954460574,-5.893371793630386,-1.4350869719573112,3.2666666666666666,4.0,0.5333333333333333,,
SPY,US large cap,1,regime_gate_shuffle,3771,0.007105584844949075,2.0051171760328685,0.009594637083549837,2005-02-03,2026-07-10,-1.9754197206584192,2.829416398976721,0.004687953599185057,-3.3221011665884204,-0.6107144638689554,3.066666666666667,4.0,0.6666666666666666,,
SPY,US large cap,1,regime_single,3771,0.00696793880761994,2.1185281941170744,0.009594637083549837,2005-02-03,2026-07-10,0.0,,,,,2.0,2.0,0.0,,
SPY,US large cap,1,regime_features,3771,0.007032413969567669,2.0971752929527443,0.009594637083549837,2005-02-03,2026-07-10,-0.9253118278998221,2.250061445615215,0.02450248054432702,-1.7247212287383018,-0.11951970546559831,,2.0,,,
SPY,US large cap,1,regime_shrunk,3771,0.007020352522001889,1.997773330533743,0.009594637083549837,2005-02-03,2026-07-10,-0.7522126102001867,2.119044498061057,0.03415191493972847,-1.4432110954414767,-0.056442143160717606,,4.0,,0.33666666666666667,0.0
SPY,US large cap,5,rw_vol,3771,0.005395363705863974,1.0203637015415457,0.009594637083549837,2005-02-03,2026-07-10,-14.33204217261988,2.6509742831949414,0.008059560348470551,-23.869500185784375,-3.922945774489217,,,,,
SPY,US large cap,5,ridge,3771,0.004719030293990542,0.5584944056689206,0.009594637083549837,2005-02-03,2026-07-10,0.0,,,,,,,,,
SPY,US large cap,5,har,3771,0.004990206181393708,0.5361890306296778,0.009594637083549837,2005-02-03,2026-07-10,-5.746432434402792,3.594679126917037,0.00032894861835708333,-8.752733181169114,-2.6521259927570595,,,,,
SPY,US large cap,5,ewma,3771,0.005234211509802687,0.5626483197875821,0.009594637083549837,2005-02-03,2026-07-10,-10.91709914361439,3.3495996735392755,0.0008172374445771791,-16.834782302203678,-4.66536871986567,,,,,
SPY,US large cap,5,garch11,3771,0.0048837921574198095,0.5158844922147547,0.009594637083549837,2005-02-03,2026-07-10,-3.4914347474964056,1.5964079459095943,0.11048155604927601,-7.6245042006037655,0.8137094767385,,,,,
SPY,US large cap,5,regime_normal,3771,0.00492505922121733,0.5974706024208286,0.009594637083549837,2005-02-03,2026-07-10,-4.365916605561018,2.1982284346793293,0.027993402435796177,-8.111215054358212,-0.4811140329770591,3.1333333333333333,3.0,0.7333333333333333,,
SPY,US large cap,5,regime_gate_shuffle,3771,0.004843967098693888,0.7076787208256865,0.009594637083549837,2005-02-03,2026-07-10,-2.6475101222055613,3.2062448719885777,0.0013560311178870688,-4.233314159181356,-1.0368194668160857,2.6,2.0,0.9333333333333333,,
SPY,US large cap,5,regime_single,3771,0.004719030293990542,0.5584944056689206,0.009594637083549837,2005-02-03,2026-07-10,0.0,,,,,2.0,2.0,0.0,,
SPY,US large cap,5,regime_features,3771,0.004847942355378872,0.5832560460397941,0.009594637083549837,2005-02-03,2026-07-10,-2.7317489686915892,3.037872920865705,0.002398865160928576,-4.456850422713443,-0.9771800561859667,,4.0,,,
SPY,US large cap,5,regime_shrunk,3771,0.004838551241584804,0.5712810482356505,0.009594637083549837,2005-02-03,2026-07-10,-2.532743808541905,1.749134284129993,0.08034918279728531,-5.299293059381771,0.31055227853544753,,3.0,,0.44333333333333336,0.2
SPY,US large cap,20,rw_vol,3771,0.00570586145504072,0.6026371395023218,0.009594637083549837,2005-02-03,2026-07-10,-17.23331379088183,1.9155642067860168,0.05549615609850611,-32.5718741510598,0.440982784790922,,,,,
SPY,US large cap,20,ridge,3771,0.004867099010114743,0.4642127598553281,0.009594637083549837,2005-02-03,2026-07-10,0.0,,,,,,,,,
SPY,US large cap,20,har,3771,0.00496667799333362,0.4663046738749476,0.009594637083549837,2005-02-03,2026-07-10,-2.0459617322748835,1.4316504073684952,0.15232679031741814,-4.783037457741779,0.7665798591053763,,,,,
SPY,US large cap,20,ewma,3771,0.0050614010289234315,0.5076551779135027,0.009594637083549837,2005-02-03,2026-07-10,-3.992152582162239,1.2055745664674702,0.2280572310039759,-10.176005583067504,2.583454223097681,,,,,
SPY,US large cap,20,garch11,3771,0.004912643206067138,0.47247544042239864,0.009594637083549837,2005-02-03,2026-07-10,-0.9357565124059601,0.7158386444519631,0.4741353211057713,-3.455350092916154,1.648363396354413,,,,,
SPY,US large cap,20,regime_normal,3771,0.005034804214725483,0.4963153516792512,0.009594637083549837,2005-02-03,2026-07-10,-3.445691247747737,3.518377919226879,0.00043932066872365283,-5.3168786241263755,-1.5400273405505427,2.6666666666666665,2.0,0.8,,
SPY,US large cap,20,regime_gate_shuffle,3771,0.005089994829982959,0.5309817650947345,0.009594637083549837,2005-02-03,2026-07-10,-4.579644248144459,2.6777547544690044,0.007443878671861359,-7.809466775073792,-1.2468412139913232,2.6,2.0,0.8666666666666667,,
SPY,US large cap,20,regime_single,3771,0.004867099010114743,0.4642127598553281,0.009594637083549837,2005-02-03,2026-07-10,0.0,,,,,2.0,2.0,0.0,,
SPY,US large cap,20,regime_features,3771,0.004874210104894544,0.46930857776396956,0.009594637083549837,2005-02-03,2026-07-10,-0.14610540621883297,0.3701414474716711,0.7112978934160756,-0.9164800705643961,0.6302414905099418,,2.0,,,
SPY,US large cap,20,regime_shrunk,3771,0.004908641949745503,0.47035726406032663,0.009594637083549837,2005-02-03,2026-07-10,-0.8535462201287829,1.539498264621207,0.12376662475352962,-1.9302139968489618,0.23474029048043965,,2.0,,0.5166666666666667,0.26666666666666666
XLE,Energy,1,rw_vol,3771,0.015611388001913118,177.14536291470154,0.015735875600499417,2005-02-03,2026-07-10,-35.50811462561304,8.448864922111444,0.0,-42.4885589316502,-28.14799581873375,,,,,
XLE,Energy,1,ridge,3771,0.011520629628007779,1.6948161238472024,0.015735875600499417,2005-02-03,2026-07-10,0.0,,,,,,,,,
XLE,Energy,1,har,3771,0.011462717728806951,1.6430931316765844,0.015735875600499417,2005-02-03,2026-07-10,0.5026799842609115,-1.0077868026127297,0.31362149962004704,-0.4729432114299881,1.48796488214471,,,,,
XLE,Energy,1,ewma,3771,0.011460148834919163,1.623975028149694,0.015735875600499417,2005-02-03,2026-07-10,0.5249781916569976,-0.7304881733935852,0.465137230728893,-0.8778630918686581,1.9478880107172691,,,,,
XLE,Energy,1,garch11,3771,0.011392884694394544,1.6029095949557841,0.015735875600499417,2005-02-03,2026-07-10,1.108836389485814,-1.7254864102602103,0.08452179623327716,-0.15013471721183613,2.3840433299591512,,,,,
XLE,Energy,1,regime_normal,3771,0.011707854796717451,1.6777545290659706,0.015735875600499417,2005-02-03,2026-07-10,-1.6251296565815243,2.3999771815439757,0.016444306494496796,-2.9336934212087717,-0.2994950839863897,2.6,2.0,0.7333333333333333,,
XLE,Energy,1,regime_gate_shuffle,3771,0.011568745730780008,1.6489177883577537,0.015735875600499417,2005-02-03,2026-07-10,-0.41765167639148904,0.8774846231720834,0.3802793813887879,-1.344605922545239,0.5179393719340286,2.6,2.0,0.7333333333333333,,
XLE,Energy,1,regime_single,3771,0.011520629628007779,1.6948161238472024,0.015735875600499417,2005-02-03,2026-07-10,0.0,,,,,2.0,2.0,0.0,,
XLE,Energy,1,regime_features,3771,0.011626702444317658,1.7207593942341357,0.015735875600499417,2005-02-03,2026-07-10,-0.9207206527324351,2.4578852456595115,0.01402046832540571,-1.6491771883466289,-0.18696767077952536,,3.0,,,
XLE,Energy,1,regime_shrunk,3771,0.011547128649890407,1.6536763873655962,0.015735875600499417,2005-02-03,2026-07-10,-0.23001366017536876,0.8497925311675878,0.39549440433581773,-0.7586850415941981,0.3014610672418039,,2.0,,0.38333333333333336,0.13333333333333333
XLE,Energy,5,rw_vol,3771,0.008357454329359706,0.7676696333537509,0.015735875600499417,2005-02-03,2026-07-10,-11.320319519480066,3.551611306364605,0.0003875635099164221,-17.101603128353826,-5.221868547406916,,,,,
XLE,Energy,5,ridge,3771,0.007507573069710087,0.4310019926132616,0.015735875600499417,2005-02-03,2026-07-10,0.0,,,,,,,,,
XLE,Energy,5,har,3771,0.007630062037882603,0.4191285229856302,0.015735875600499417,2005-02-03,2026-07-10,-1.6315388080165116,0.8380908358880248,0.40203281960268233,-5.349642214621908,2.2278554688408114,,,,,
XLE,Energy,5,ewma,3771,0.00758445991947407,0.40349138121152317,0.015735875600499417,2005-02-03,2026-07-10,-1.0241238952996587,0.36424344064828135,0.7156966580030975,-6.367374361195699,4.617984456549884,,,,,
XLE,Energy,5,garch11,3771,0.0074529377519978795,0.3960155724497454,0.015735875600499417,2005-02-03,2026-07-10,0.7277360766908522,-0.44842795200663227,0.6538701430555083,-2.4159210347544757,3.9742540381943914,,,,,
XLE,Energy,5,regime_normal,3771,0.0077968694240860455,0.4314351875869363,0.015735875600499417,2005-02-03,2026-07-10,-3.8533937890414736,2.0586682985804936,0.039594586056783676,-7.394749930809641,-0.18693772295017563,3.066666666666667,4.0,0.6666666666666666,,
XLE,Energy,5,regime_gate_shuffle,3771,0.007847418606207862,0.4642279530856625,0.015735875600499417,2005-02-03,2026-07-10,-4.526703014971769,2.3495824254997633,0.018845796288074368,-8.159075911718915,-0.7634734627743667,2.6,2.0,0.8666666666666667,,
XLE,Energy,5,regime_single,3771,0.007507573069710087,0.4310019926132616,0.015735875600499417,2005-02-03,2026-07-10,0.0,,,,,2.0,2.0,0.0,,
XLE,Energy,5,regime_features,3771,0.007666139239416942,0.44680978682320266,0.015735875600499417,2005-02-03,2026-07-10,-2.1120829359171096,4.434440738647319,9.494308568669396e-06,-3.032093345601883,-1.18370769964109,,3.0,,,
XLE,Energy,5,regime_shrunk,3771,0.007506003121198567,0.413378403179888,0.015735875600499417,2005-02-03,2026-07-10,0.020911531555439077,-0.04193468447474852,0.9665529871381382,-0.9521429209793375,1.0035298527049097,,2.0,,0.4366666666666667,0.13333333333333333
XLE,Energy,20,rw_vol,3771,0.007829651102027994,0.3315905219930829,0.015735875600499417,2005-02-03,2026-07-10,-8.912058966920569,1.2665412086861556,0.20539763087528473,-21.42463284073748,5.238553639573118,,,,,
XLE,Energy,20,ridge,3771,0.00718896619556707,0.3304032048841199,0.015735875600499417,2005-02-03,2026-07-10,0.0,,,,,,,,,
XLE,Energy,20,har,3771,0.007129904740372146,0.32502320749891794,0.015735875600499417,2005-02-03,2026-07-10,0.8215570026096846,-0.4691969220760841,0.6389560174933206,-2.567720579769217,4.33083147720168,,,,,
XLE,Energy,20,ewma,3771,0.007076218164417947,0.34819958661078776,0.015735875600499417,2005-02-03,2026-07-10,1.5683483282846313,-0.5213668929159081,0.6021418342246532,-4.206962458489216,7.704338797434129,,,,,
XLE,Energy,20,garch11,3771,0.007098472484986946,0.3453738437043811,0.015735875600499417,2005-02-03,2026-07-10,1.2587861469695742,-0.6896795892390797,0.49043815269681046,-2.2790700886969217,4.92820371881475,,,,,
XLE,Energy,20,regime_normal,3771,0.007247715607053885,0.32752502780432874,0.015735875600499417,2005-02-03,2026-07-10,-0.8172164103795783,0.9495731973708816,0.34239002940909136,-2.483915968019179,0.8775039794971518,2.933333333333333,3.0,0.6666666666666666,,
XLE,Energy,20,regime_gate_shuffle,3771,0.007267236242073096,0.3365166220928471,0.015735875600499417,2005-02-03,2026-07-10,-1.088752462826843,0.573577499892762,0.5662879543983608,-4.724872774711875,2.6831321337263403,2.8,2.0,0.8,,
XLE,Energy,20,regime_single,3771,0.00718896619556707,0.3304032048841199,0.015735875600499417,2005-02-03,2026-07-10,0.0,,,,,2.0,2.0,0.0,,
XLE,Energy,20,regime_features,3771,0.0073553403363021555,0.3414254052606826,0.015735875600499417,2005-02-03,2026-07-10,-2.3142985543272783,2.337110790927794,0.01948550743593014,-4.216121905196668,-0.37644799637619464,,2.0,,,
XLE,Energy,20,regime_shrunk,3771,0.0071895911916744345,0.32417752164266084,0.015735875600499417,2005-02-03,2026-07-10,-0.00869382454113921,0.011146456054978056,0.9911071887416605,-1.526303220677061,1.5323025793496203,,3.0,,0.36000000000000004,0.13333333333333333
EFA,Developed ex-US,1,rw_vol,3771,0.0098001008495714,86.02963813559451,0.010826091041611295,2005-02-03,2026-07-10,-31.957882446619667,10.366960604545486,0.0,-37.167061356616294,-26.534433093850176,,,,,
EFA,Developed ex-US,1,ridge,3771,0.007426688476556746,1.6680641964803773,0.010826091041611295,2005-02-03,2026-07-10,0.0,,,,,,,,,
EFA,Developed ex-US,1,har,3771,0.007459225080460982,1.6122618357071699,0.010826091041611295,2005-02-03,2026-07-10,-0.4381037929211919,0.5651270088579119,0.5720210054380339,-1.9434206172177504,1.0901199075833312,,,,,
EFA,Developed ex-US,1,ewma,3771,0.007511619315396333,1.6277325591985636,0.010826091041611295,2005-02-03,2026-07-10,-1.1435896242003603,1.325494691804041,0.18508744443236558,-2.8117998060349425,0.5526005127278522,,,,,
EFA,Developed ex-US,1,garch11,3771,0.007388297943904858,1.5862736459727471,0.010826091041611295,2005-02-03,2026-07-10,0.5169266594804997,-0.6147053994743302,0.538786390442137,-1.1225767945614473,2.183906104473854,,,,,
EFA,Developed ex-US,1,regime_normal,3771,0.00751246880127775,1.606582591050923,0.010826091041611295,2005-02-03,2026-07-10,-1.1550279103772867,1.7630562436170618,0.07797200792548176,-2.4241731989215642,0.130244379913802,2.933333333333333,2.0,0.4,,
EFA,Developed ex-US,1,regime_gate_shuffle,3771,0.007535756819581166,1.6287317984033354,0.010826091041611295,2005-02-03,2026-07-10,-1.4685999469172244,1.8760857608906873,0.06072070740575386,-2.9809750552442615,0.06666058293549604,3.3333333333333335,4.0,0.8,,
EFA,Developed ex-US,1,regime_single,3771,0.007426688476556746,1.6680641964803773,0.010826091041611295,2005-02-03,2026-07-10,0.0,,,,,2.0,2.0,0.0,,
EFA,Developed ex-US,1,regime_features,3771,0.00744163660079025,1.633004296685162,0.010826091041611295,2005-02-03,2026-07-10,-0.20127576753339194,1.2230204471087134,0.22139841750942235,-0.5230950428739778,0.12158043959710207,,4.0,,,
EFA,Developed ex-US,1,regime_shrunk,3771,0.007435136785767105,1.6191473233557896,0.010826091041611295,2005-02-03,2026-07-10,-0.11375607361244706,0.23484481730224968,0.8143419350634784,-1.0584478323413915,0.8399352962520368,,2.0,,0.37,0.06666666666666667
EFA,Developed ex-US,5,rw_vol,3771,0.00591219717500062,0.8324191703177825,0.010826091041611295,2005-02-03,2026-07-10,-14.212651806903002,3.027753043069154,0.0024804659945081298,-22.539736087295893,-5.2286688368982315,,,,,
EFA,Developed ex-US,5,ridge,3771,0.005176481835826955,0.4500074293703046,0.010826091041611295,2005-02-03,2026-07-10,0.0,,,,,,,,,
EFA,Developed ex-US,5,har,3771,0.0052836996029686795,0.46675248664467334,0.010826091041611295,2005-02-03,2026-07-10,-2.071247819313493,1.546671408119586,0.12202643529836799,-4.637896252319007,0.5616274737345717,,,,,
EFA,Developed ex-US,5,ewma,3771,0.0053758864373260285,0.4809427981114834,0.010826091041611295,2005-02-03,2026-07-10,-3.852125977125515,1.7159603778790524,0.08625145139996881,-8.085512507960635,0.5613247985021497,,,,,
EFA,Developed ex-US,5,garch11,3771,0.005234711717564387,0.4615031569801758,0.010826091041611295,2005-02-03,2026-07-10,-1.124892998453452,0.6943270299657129,0.4875199265113781,-4.235772912513491,2.0847733331110563,,,,,
EFA,Developed ex-US,5,regime_normal,3771,0.005322965804360351,0.4621286127652239,0.010826091041611295,2005-02-03,2026-07-10,-2.8297977889068533,2.680512161051069,0.007382945775937566,-4.851234222901901,-0.767818814089205,2.8666666666666667,2.0,0.6,,
EFA,Developed ex-US,5,regime_gate_shuffle,3771,0.005333212228934631,0.4592167831072651,0.010826091041611295,2005-02-03,2026-07-10,-3.027739651725031,2.7394846378699222,0.006182512403809959,-5.1411159262346295,-0.8700947618934363,2.8666666666666667,2.0,0.8,,
EFA,Developed ex-US,5,regime_single,3771,0.005176481835826955,0.4500074293703046,0.010826091041611295,2005-02-03,2026-07-10,0.0,,,,,2.0,2.0,0.0,,
EFA,Developed ex-US,5,regime_features,3771,0.005236326254321167,0.45502746935748994,0.010826091041611295,2005-02-03,2026-07-10,-1.1560828453028265,2.178460992809826,0.029433482360631036,-2.185363886413394,-0.11622046707924216,,2.0,,,
EFA,Developed ex-US,5,regime_shrunk,3771,0.005199503469552791,0.4503886803208788,0.010826091041611295,2005-02-03,2026-07-10,-0.4447351397333477,0.9701076837698968,0.3320550524446997,-1.3375894047728876,0.4561272191400456,,2.0,,0.51,0.2
EFA,Developed ex-US,20,rw_vol,3771,0.005593573003792631,0.4374750885417537,0.010826091041611295,2005-02-03,2026-07-10,-13.914497706541193,1.75031783908516,0.08014482650235677,-27.713002126363804,1.8042024150801694,,,,,
EFA,Developed ex-US,20,ridge,3771,0.004910325828940944,0.36945872624118853,0.010826091041611295,2005-02-03,2026-07-10,0.0,,,,,,,,,
EFA,Developed ex-US,20,har,3771,0.004903005081084439,0.37477901111628664,0.010826091041611295,2005-02-03,2026-07-10,0.14908884077217852,-0.18122879577097842,0.8561977351955274,-1.4521687075471412,1.776446902021478,,,,,
EFA,Developed ex-US,20,ewma,3771,0.004868490255545415,0.39378559717188644,0.010826091041611295,2005-02-03,2026-07-10,0.8519917995859688,-0.42998542592139105,0.6672308184525215,-2.9756218994761996,4.833428376163251,,,,,
EFA,Developed ex-US,20,garch11,3771,0.004907935541412838,0.3886071665014862,0.010826091041611295,2005-02-03,2026-07-10,0.04867879671075878,-0.04154475713814649,0.9668638125569897,-2.223323380895037,2.373541611245822,,,,,
EFA,Developed ex-US,20,regime_normal,3771,0.005206921611740208,0.42689626928376806,0.010826091041611295,2005-02-03,2026-07-10,-6.040246475114943,2.6835627149977825,0.0073160567700252255,-10.244193543570512,-1.662606374881137,3.3333333333333335,4.0,0.6,,
EFA,Developed ex-US,20,regime_gate_shuffle,3771,0.005187996377082446,0.401527373957518,0.010826091041611295,2005-02-03,2026-07-10,-5.654829390443736,2.5050581266422767,0.012284989596002882,-9.877772047978706,-1.255919119920934,3.1333333333333333,4.0,0.8666666666666667,,
EFA,Developed ex-US,20,regime_single,3771,0.004910325828940944,0.36945872624118853,0.010826091041611295,2005-02-03,2026-07-10,0.0,,,,,2.0,2.0,0.0,,
EFA,Developed ex-US,20,regime_features,3771,0.004985434655475823,0.38685440830915757,0.010826091041611295,2005-02-03,2026-07-10,-1.5296098293965754,2.5168346197220908,0.011882606192212153,-2.7053794839811074,-0.34006362998997286,,2.0,,,
EFA,Developed ex-US,20,regime_shrunk,3771,0.004950813286359977,0.3815934403334307,0.010826091041611295,2005-02-03,2026-07-10,-0.8245370842888681,0.9862162930825631,0.32409027404995694,-2.4440043251959143,0.821370576411351,,4.0,,0.5,0.26666666666666666
XLF,Financials,1,rw_vol,3771,0.011394048889472187,53.04050834915173,0.013621894162187159,2005-02-03,2026-07-10,-27.42700624216098,7.50224756003965,7.771561172376096e-14,-33.67030605976134,-20.861627978317433,,,,,
XLF,Financials,1,ridge,3771,0.008941628015507994,1.860125941521854,0.013621894162187159,2005-02-03,2026-07-10,0.0,,,,,,,,,
XLF,Financials,1,har,3771,0.008991757800144473,1.6795387323532731,0.013621894162187159,2005-02-03,2026-07-10,-0.5606337520363792,0.6726274281978964,0.5012255709430236,-2.1772354348529976,1.0823843791561316,,,,,
XLF,Financials,1,ewma,3771,0.009052687747916462,1.6821452563331913,0.013621894162187159,2005-02-03,2026-07-10,-1.2420527024368482,1.2295944997715071,0.2189257210505049,-3.1915921296807648,0.7457719563161214,,,,,
XLF,Financials,1,garch11,3771,0.00883107789204769,1.617665525412253,0.013621894162187159,2005-02-03,2026-07-10,1.236353416498316,-1.108794554353147,0.2675895473571881,-0.9395074653398394,3.4612429870973793,,,,,
XLF,Financials,1,regime_normal,3771,0.009303259125656996,4.760582765283333,0.013621894162187159,2005-02-03,2026-07-10,-4.044354221868813,3.9699430424007827,7.322983168478459e-05,-5.984782030489444,-2.0670430101757065,2.6666666666666665,2.0,0.5333333333333333,,
XLF,Financials,1,regime_gate_shuffle,3771,0.00929261303678061,1.6956397689225629,0.013621894162187159,2005-02-03,2026-07-10,-3.9252921354353076,3.899207388064639,9.818798760208303e-05,-5.844015400810787,-1.9704716803059075,2.6,2.0,0.6666666666666666,,
XLF,Financials,1,regime_single,3771,0.008941628015507994,1.860125941521854,0.013621894162187159,2005-02-03,2026-07-10,0.0,,,,,2.0,2.0,0.0,,
XLF,Financials,1,regime_features,3771,0.009081344408091026,1.731752846082884,0.013621894162187159,2005-02-03,2026-07-10,-1.5625386377146695,3.4926670968172964,0.00048371624944176794,-2.429217726861266,-0.6883998529017221,,3.0,,,
XLF,Financials,1,regime_shrunk,3771,0.00911128960381535,1.8777292424768257,0.013621894162187159,2005-02-03,2026-07-10,-1.8974350980951298,2.8759008396191024,0.0040513597441249605,-3.1709751355695426,-0.6077752895705002,,2.0,,0.39333333333333337,0.0
XLF,Financials,5,rw_vol,3771,0.007005015747277408,1.050262933468624,0.013621894162187159,2005-02-03,2026-07-10,-4.500666360234056,0.7521297083638734,0.45202001419628535,-15.410522426842665,7.689708847663401,,,,,
XLF,Financials,5,ridge,3771,0.006703321606706086,0.5809026067338956,0.013621894162187159,2005-02-03,2026-07-10,0.0,,,,,,,,,
XLF,Financials,5,har,3771,0.006687641435236007,0.5484880994628591,0.013621894162187159,2005-02-03,2026-07-10,0.23391644307193174,-0.18128108891484948,0.8561566939872569,-2.267545409873839,2.799732446791614,,,,,
XLF,Financials,5,ewma,3771,0.006672302859389009,0.5530279229523865,0.013621894162187159,2005-02-03,2026-07-10,0.46273697037071065,-0.19700609840997896,0.8438333851728972,-4.050767145489242,5.190869008863985,,,,,
XLF,Financials,5,garch11,3771,0.006435241796047762,0.5181884697004148,0.013621894162187159,2005-02-03,2026-07-10,3.999208547448089,-1.7025889157761172,0.08872746015239774,-0.5921550543853904,8.821481364593264,,,,,
XLF,Financials,5,regime_normal,3771,0.006829445659706777,0.5551818330610838,0.013621894162187159,2005-02-03,2026-07-10,-1.881515767862228,1.3758534186916918,0.16894874756054445,-4.504165141055094,0.8104542883404231,3.066666666666667,4.0,0.7333333333333333,,
XLF,Financials,5,regime_gate_shuffle,3771,0.006883494985632112,0.5809996881762964,0.013621894162187159,2005-02-03,2026-07-10,-2.6878223886166808,1.886619289462852,0.05928833111147269,-5.408438219385481,0.10686266823851653,2.8666666666666667,2.0,0.7333333333333333,,
XLF,Financials,5,regime_single,3771,0.006703321606706086,0.5809026067338956,0.013621894162187159,2005-02-03,2026-07-10,0.0,,,,,2.0,2.0,0.0,,
XLF,Financials,5,regime_features,3771,0.006913139296251502,0.6023988851840093,0.013621894162187159,2005-02-03,2026-07-10,-3.1300555434415007,3.40600667429528,0.000666099915563434,-4.8894540230366434,-1.3401161807895967,,2.0,,,
XLF,Financials,5,regime_shrunk,3771,0.006770405832371971,0.5530251102586846,0.013621894162187159,2005-02-03,2026-07-10,-1.0007609600406575,1.0114241691554589,0.31187836606574515,-2.9129718975034136,0.9483586999275984,,4.0,,0.29333333333333333,0.0
XLF,Financials,20,rw_vol,3771,0.0070110077934624,0.5300354438749142,0.013621894162187159,2005-02-03,2026-07-10,-9.404601409470262,1.336566434414424,0.18144485645664,-21.894247604704866,4.708205914606589,,,,,
XLF,Financials,20,ridge,3771,0.006408329908558594,0.4717615798085483,0.013621894162187159,2005-02-03,2026-07-10,0.0,,,,,,,,,
XLF,Financials,20,har,3771,0.006500517007130481,0.4701697211389164,0.013621894162187159,2005-02-03,2026-07-10,-1.4385510716102106,0.6357872692563378,0.5249536776810335,-5.751503666866076,3.066111399510274,,,,,
XLF,Financials,20,ewma,3771,0.00637402591939846,0.47955074706971823,0.013621894162187159,2005-02-03,2026-07-10,0.5353031078240683,-0.15478600894169306,0.876998307340149,-6.0456376484052665,7.583688715422143,,,,,
XLF,Financials,20,garch11,3771,0.006336739213205609,0.44777105962180047,0.013621894162187159,2005-02-03,2026-07-10,1.1171505895377316,-0.8591852293877539,0.39029295740066416,-1.4141018261135674,3.7149244905163026,,,,,
XLF,Financials,20,regime_normal,3771,0.006717724394905922,0.5120759517750889,0.013621894162187159,2005-02-03,2026-07-10,-4.828004967942095,1.2029078331278484,0.22908752626020368,-12.25290483133572,3.1645384786912367,2.8,2.0,0.4666666666666667,,
XLF,Financials,20,regime_gate_shuffle,3771,0.006833744070790837,0.49242679164500386,0.013621894162187159,2005-02-03,2026-07-10,-6.638456014321058,1.87040149747184,0.061505510264572294,-13.179802729207847,0.33128446491261787,2.933333333333333,3.0,0.7333333333333333,,
XLF,Financials,20,regime_single,3771,0.006408329908558594,0.4717615798085483,0.013621894162187159,2005-02-03,2026-07-10,0.0,,,,,2.0,2.0,0.0,,
XLF,Financials,20,regime_features,3771,0.00702628455671122,0.6547472316960639,0.013621894162187159,2005-02-03,2026-07-10,-9.642990560260047,1.9785723787354303,0.047936843543773255,-18.42635247436968,-0.09180684557001939,,2.0,,,
XLF,Financials,20,regime_shrunk,3771,0.006722003571322269,0.5199602496957677,0.013621894162187159,2005-02-03,2026-07-10,-4.8947801882788635,1.229192629058081,0.21907630481864815,-12.26125618982239,3.0296943380204278,,2.0,,0.5,0.26666666666666666
QQQ,US tech-heavy,1,rw_vol,3771,0.01146850015599926,140.40827675515703,0.011656372490877764,2005-02-03,2026-07-10,-35.73505606545654,12.985375343617495,0.0,-40.34208798644827,-30.966061366253417,,,,,
QQQ,US tech-heavy,1,ridge,3771,0.008449180696892863,2.0422404329195296,0.011656372490877764,2005-02-03,2026-07-10,0.0,,,,,,,,,
QQQ,US tech-heavy,1,har,3771,0.008601908908297503,1.7494219858425846,0.011656372490877764,2005-02-03,2026-07-10,-1.807609718428732,2.59452523935656,0.009508849469245906,-3.1525481476546657,-0.44466438694286126,,,,,
QQQ,US tech-heavy,1,ewma,3771,0.008676385803065173,1.7665360697750079,0.011656372490877764,2005-02-03,2026-07-10,-2.689078554751034,3.306061143176346,0.0009550312208839173,-4.251023924781028,-1.103005491836817,,,,,
QQQ,US tech-heavy,1,garch11,3771,0.008537447561340814,1.7221465995906797,0.011656372490877764,2005-02-03,2026-07-10,-1.0446795685220744,1.2595171966916514,0.2079215525685889,-2.649698226947894,0.5862484757409137,,,,,
QQQ,US tech-heavy,1,regime_normal,3771,0.008504637782071327,1.9068777538129231,0.011656372490877764,2005-02-03,2026-07-10,-0.6563605060412229,2.1053448519090168,0.03532728576227484,-1.2637678788537166,-0.04526543331222488,2.7333333333333334,3.0,0.5333333333333333,,
QQQ,US tech-heavy,1,regime_gate_shuffle,3771,0.008544906690647277,1.7974322822565048,0.011656372490877764,2005-02-03,2026-07-10,-1.1329618478820809,2.3404122896535178,0.0193143419972015,-2.072379224616272,-0.18473608128366514,2.8,2.0,0.6666666666666666,,
QQQ,US tech-heavy,1,regime_single,3771,0.008449180696892863,2.0422404329195296,0.011656372490877764,2005-02-03,2026-07-10,0.0,,,,,2.0,2.0,0.0,,
QQQ,US tech-heavy,1,regime_features,3771,0.008488948509813299,1.9437414478903352,0.011656372490877764,2005-02-03,2026-07-10,-0.4706706407055513,2.1325735460156188,0.033024158304915785,-0.901447276636369,-0.038039042488380304,,3.0,,,
QQQ,US tech-heavy,1,regime_shrunk,3771,0.008483313167157898,1.863670289125828,0.011656372490877764,2005-02-03,2026-07-10,-0.4039737282170623,1.7802693017914129,0.07511241476083108,-0.8469937099481406,0.041009706486760944,,3.0,,0.46,0.13333333333333333
QQQ,US tech-heavy,5,rw_vol,3771,0.006267362439130039,0.8924637078176864,0.011656372490877764,2005-02-03,2026-07-10,-16.247549135907242,3.4302006947403374,0.0006096117029301684,-24.58608733779912,-7.2627251288565065,,,,,
QQQ,US tech-heavy,5,ridge,3771,0.005391393182666368,0.4990586896849947,0.011656372490877764,2005-02-03,2026-07-10,0.0,,,,,,,,,
QQQ,US tech-heavy,5,har,3771,0.005633968840408094,0.4576447813359579,0.011656372490877764,2005-02-03,2026-07-10,-4.499313062931878,3.069214729275188,0.0021614891307821793,-7.274713432985536,-1.6481614153454283,,,,,
QQQ,US tech-heavy,5,ewma,3771,0.00584605881645944,0.4829050256313374,0.011656372490877764,2005-02-03,2026-07-10,-8.433175218139317,3.292275987117526,0.0010029597509311206,-13.157053212659807,-3.4939045741471553,,,,,
QQQ,US tech-heavy,5,garch11,3771,0.005562735060503122,0.4489640449847749,0.011656372490877764,2005-02-03,2026-07-10,-3.1780631096917173,1.9484681460417812,0.0514330686983433,-6.280024812809293,0.020093319088909656,,,,,
QQQ,US tech-heavy,5,regime_normal,3771,0.0054390325707842704,0.5503368263978728,0.011656372490877764,2005-02-03,2026-07-10,-0.8836192520899064,1.6383202215614474,0.10143835898794995,-1.930987049809274,0.17473693571902205,2.933333333333333,2.0,0.6666666666666666,,
QQQ,US tech-heavy,5,regime_gate_shuffle,3771,0.005661597064868042,0.5998253511629797,0.011656372490877764,2005-02-03,2026-07-10,-5.011763621143332,3.540557703129959,0.0004041096429703295,-7.686745121395644,-2.2668368671160843,2.7333333333333334,2.0,1.0,,
QQQ,US tech-heavy,5,regime_single,3771,0.005391393182666368,0.4990586896849947,0.011656372490877764,2005-02-03,2026-07-10,0.0,,,,,2.0,2.0,0.0,,
QQQ,US tech-heavy,5,regime_features,3771,0.005429012215045937,0.4982763893810386,0.011656372490877764,2005-02-03,2026-07-10,-0.6977608774762865,1.8900306729253373,0.05883049966969134,-1.4164993257728353,0.026144637808944715,,3.0,,,
QQQ,US tech-heavy,5,regime_shrunk,3771,0.005396783819624221,0.5081571477589792,0.011656372490877764,2005-02-03,2026-07-10,-0.09998597348056402,0.353532534655418,0.7237090101373287,-0.6526777181506072,0.45577439174027123,,2.0,,0.44333333333333336,0.13333333333333333
QQQ,US tech-heavy,20,rw_vol,3771,0.00594869516039896,0.4299708139570968,0.011656372490877764,2005-02-03,2026-07-10,-14.805448738691027,1.96208372663965,0.04982619788808651,-27.89904824228524,-0.012077165220514274,,,,,
QQQ,US tech-heavy,20,ridge,3771,0.0051815442783894345,0.36467196221150533,0.011656372490877764,2005-02-03,2026-07-10,0.0,,,,,,,,,
QQQ,US tech-heavy,20,har,3771,0.005234429977663599,0.35210434905763954,0.011656372490877764,2005-02-03,2026-07-10,-1.0206551644214232,0.7253740218390019,0.4682676277445368,-3.7291115810863973,1.762446333917611,,,,,
QQQ,US tech-heavy,20,ewma,3771,0.00537902928115816,0.38029887290232184,0.011656372490877764,2005-02-03,2026-07-10,-3.811315549157267,1.3387394221960718,0.18073623734769173,-9.153115452380822,1.820695362349245,,,,,
QQQ,US tech-heavy,20,garch11,3771,0.005228241697438824,0.35969636351389045,0.011656372490877764,2005-02-03,2026-07-10,-0.9012258998567256,0.8149215703364321,0.4151686808961952,-3.037165617872706,1.2809173582791322,,,,,
QQQ,US tech-heavy,20,regime_normal,3771,0.005286618926236074,0.38416960915299303,0.011656372490877764,2005-02-03,2026-07-10,-2.0278635518926684,1.2018773159124836,0.2294865541735267,-5.2520502830571525,1.3015917395824195,3.2,4.0,0.6666666666666666,,
QQQ,US tech-heavy,20,regime_gate_shuffle,3771,0.005569524734595949,0.460858264712769,0.011656372490877764,2005-02-03,2026-07-10,-7.487737928336488,3.034767161302151,0.0024236428932764564,-12.059434427362259,-2.712758534279458,2.8666666666666667,2.0,1.0,,
QQQ,US tech-heavy,20,regime_single,3771,0.0051815442783894345,0.36467196221150533,0.011656372490877764,2005-02-03,2026-07-10,0.0,,,,,2.0,2.0,0.0,,
QQQ,US tech-heavy,20,regime_features,3771,0.005218259792899856,0.3699011498566209,0.011656372490877764,2005-02-03,2026-07-10,-0.708582471514341,1.9625948865530805,0.04976670187694188,-1.411499014520623,-0.0007251697281329683,,2.0,,,
QQQ,US tech-heavy,20,regime_shrunk,3771,0.005278904052839658,0.3815223645570477,0.011656372490877764,2005-02-03,2026-07-10,-1.8789721600234135,1.8608210491757198,0.06284724708673606,-3.821906911511097,0.10174384893808508,,2.0,,0.48333333333333334,0.2
AAPL,Single name (tech),1,rw_vol,3771,0.016151327585158068,153.1422494984495,0.01771757593566128,2005-02-03,2026-07-10,-33.30574101793305,12.070712397478722,0.0,-37.95845854496369,-28.48464847046128,,,,,
AAPL,Single name (tech),1,ridge,3771,0.012116003003190462,1.7753822451502324,0.01771757593566128,2005-02-03,2026-07-10,0.0,,,,,,,,,
AAPL,Single name (tech),1,har,3771,0.012263283460842109,1.8522976239329938,0.01771757593566128,2005-02-03,2026-07-10,-1.2155861765044487,2.604244723972244,0.009243836118446369,-2.121187800122337,-0.3018084203816329,,,,,
AAPL,Single name (tech),1,ewma,3771,0.012307068168064617,1.8665971323185513,0.01771757593566128,2005-02-03,2026-07-10,-1.5769653145830556,3.0172628958345356,0.002567727490832672,-2.5886723864839922,-0.5550797474631608,,,,,
AAPL,Single name (tech),1,garch11,3771,0.01225946006648474,1.841432278119892,0.01771757593566128,2005-02-03,2026-07-10,-1.184029611551775,2.3028279037711163,0.02134272565118911,-2.1812823774111534,-0.17684976365814897,,,,,
AAPL,Single name (tech),1,regime_normal,3771,0.012220764765781267,1.7974226756802962,0.01771757593566128,2005-02-03,2026-07-10,-0.8646561292797493,3.1021628472393163,0.0019353346246904213,-1.4073240821750543,-0.31905270011487463,2.6666666666666665,2.0,0.8,,
AAPL,Single name (tech),1,regime_gate_shuffle,3771,0.012232391565027003,1.797103126033998,0.01771757593566128,2005-02-03,2026-07-10,-0.9606184630846734,2.938207246136035,0.0033211805554536067,-1.59656317538992,-0.32064250116277115,2.8,2.0,0.8,,
AAPL,Single name (tech),1,regime_single,3771,0.012116003003190462,1.7753822451502324,0.01771757593566128,2005-02-03,2026-07-10,0.0,,,,,2.0,2.0,0.0,,
AAPL,Single name (tech),1,regime_features,3771,0.012134088538627763,1.7728327196504943,0.01771757593566128,2005-02-03,2026-07-10,-0.1492698163952173,2.0946879992554654,0.03626532005679617,-0.2887826094698953,-0.00956240392588903,,3.0,,,
AAPL,Single name (tech),1,regime_shrunk,3771,0.012199527152576424,1.7824212716552648,0.01771757593566128,2005-02-03,2026-07-10,-0.6893704909446422,2.6999230486902657,0.00696652177816004,-1.1870246935165252,-0.18924439978129648,,2.0,,0.46,0.2
AAPL,Single name (tech),5,rw_vol,3771,0.009868969209580332,1.0662382752325719,0.01771757593566128,2005-02-03,2026-07-10,-18.75799696820959,5.102349572381119,3.520027942460757e-07,-25.22072356909366,-11.922714748326179,,,,,
AAPL,Single name (tech),5,ridge,3771,0.008310151283725477,0.5142888738313811,0.01771757593566128,2005-02-03,2026-07-10,0.0,,,,,,,,,
AAPL,Single name (tech),5,har,3771,0.008380681551837523,0.5075768162229508,0.01771757593566128,2005-02-03,2026-07-10,-0.8487242374296059,0.9081626255098657,0.3638503550818193,-2.6570755674848456,0.9926507951760644,,,,,
AAPL,Single name (tech),5,ewma,3771,0.008414058043398155,0.5127643071404372,0.01771757593566128,2005-02-03,2026-07-10,-1.2503594233737725,0.9419540703514446,0.34627650949082844,-3.8045841725171226,1.3699900055994307,,,,,
AAPL,Single name (tech),5,garch11,3771,0.00834611361686654,0.5015427041134994,0.01771757593566128,2005-02-03,2026-07-10,-0.4327518466660216,0.37145952153037837,0.7103161738486112,-2.6866395850239977,1.8728919323340976,,,,,
AAPL,Single name (tech),5,regime_normal,3771,0.008401811699842814,0.5308657805291687,0.01771757593566128,2005-02-03,2026-07-10,-1.102993350997641,2.217929411798767,0.026619032129762132,-2.0680867906003764,-0.12859825229865063,3.466666666666667,4.0,0.8666666666666667,,
AAPL,Single name (tech),5,regime_gate_shuffle,3771,0.008586685859368632,0.5666122493698722,0.01771757593566128,2005-02-03,2026-07-10,-3.3276719785440916,2.8221216806079004,0.004795695928369481,-5.5777577748986396,-1.0274846575724528,3.2,4.0,0.7333333333333333,,
AAPL,Single name (tech),5,regime_single,3771,0.008310151283725477,0.5142888738313811,0.01771757593566128,2005-02-03,2026-07-10,0.0,,,,,2.0,2.0,0.0,,
AAPL,Single name (tech),5,regime_features,3771,0.008315535977511052,0.5124835756840094,0.01771757593566128,2005-02-03,2026-07-10,-0.06479657952942568,0.4858665768937342,0.6270900039888505,-0.32584186121782377,0.19693149084483164,,4.0,,,
AAPL,Single name (tech),5,regime_shrunk,3771,0.008352166272515183,0.5235948565509437,0.01771757593566128,2005-02-03,2026-07-10,-0.505586328758997,1.2058055707153381,0.2279681379386167,-1.3222645252277232,0.31778253843348647,,4.0,,0.5066666666666667,0.13333333333333333
AAPL,Single name (tech),20,rw_vol,3771,0.007683776262106751,0.38159595958711956,0.01771757593566128,2005-02-03,2026-07-10,-11.58666423392048,1.6959509339156884,0.08997773630180927,-23.635437917392842,1.9314231739752552,,,,,
AAPL,Single name (tech),20,ridge,3771,0.006885927019020084,0.3228592571528751,0.01771757593566128,2005-02-03,2026-07-10,0.0,,,,,,,,,
AAPL,Single name (tech),20,har,3771,0.006760912623455465,0.2835406389425885,0.01771757593566128,2005-02-03,2026-07-10,1.8155056714848739,-1.1703510011255573,0.2419337213379522,-1.2074452580631556,4.93453372844278,,,,,
AAPL,Single name (tech),20,ewma,3771,0.00675063278681634,0.2924749070378338,0.01771757593566128,2005-02-03,2026-07-10,1.964793292610261,-0.8676239910685675,0.38565542977197875,-2.4214704019131172,6.556723575040979,,,,,
AAPL,Single name (tech),20,garch11,3771,0.006706846780407952,0.2874765828054282,0.01771757593566128,2005-02-03,2026-07-10,2.6006700059045484,-1.5821571090000996,0.11369759157426818,-0.6120924511933579,5.923085620382274,,,,,
AAPL,Single name (tech),20,regime_normal,3771,0.006945705608976474,0.33491070887258867,0.01771757593566128,2005-02-03,2026-07-10,-0.8681269753697882,0.8574050105154124,0.39127559160686376,-2.8256998579751835,1.1281964979082293,3.1333333333333333,4.0,0.6666666666666666,,
AAPL,Single name (tech),20,regime_gate_shuffle,3771,0.007278419324092197,0.363564790131866,0.01771757593566128,2005-02-03,2026-07-10,-5.699919618491212,4.221875726225986,2.479926842635649e-05,-8.244892688339501,-3.0921394753298914,2.933333333333333,2.0,0.9333333333333333,,
AAPL,Single name (tech),20,regime_single,3771,0.006885927019020084,0.3228592571528751,0.01771757593566128,2005-02-03,2026-07-10,0.0,,,,,2.0,2.0,0.0,,
AAPL,Single name (tech),20,regime_features,3771,0.006924351462456484,0.32261859755246364,0.01771757593566128,2005-02-03,2026-07-10,-0.5580140964356037,1.3621435400937159,0.17323396694127924,-1.3557953678216217,0.24614722531189903,,2.0,,,
AAPL,Single name (tech),20,regime_shrunk,3771,0.006941203460554864,0.3403914863636656,0.01771757593566128,2005-02-03,2026-07-10,-0.8027450970958193,1.1010515858916965,0.2709444993282044,-2.2165512452531067,0.6311744572438993,,4.0,,0.53,0.13333333333333333
EEM,Emerging markets,1,rw_vol,3771,0.011375601355809666,75.36244050429653,0.01413451985634632,2005-02-03,2026-07-10,-33.15089530242978,11.8887415515305,0.0,-37.85423657281375,-28.27521700860205,,,,,
EEM,Emerging markets,1,ridge,3771,0.008543390812335063,1.4664344463624441,0.01413451985634632,2005-02-03,2026-07-10,0.0,,,,,,,,,
EEM,Emerging markets,1,har,3771,0.0085565153687705,1.4951016456879376,0.01413451985634632,2005-02-03,2026-07-10,-0.15362233478171552,0.2503371331031724,0.802340283137986,-1.3487106662698478,1.0558997219091704,,,,,
EEM,Emerging markets,1,ewma,3771,0.008584217441109248,1.4835187325418748,0.01413451985634632,2005-02-03,2026-07-10,-0.4778738286821489,0.6629759142126123,0.5073865117018386,-1.877956771172773,0.9419958691061381,,,,,
EEM,Emerging markets,1,garch11,3771,0.00845368496305369,1.4452063109688538,0.01413451985634632,2005-02-03,2026-07-10,1.050002876514262,-1.3176314961963957,0.18770710165316262,-0.5083855311374563,2.633330654684962,,,,,
EEM,Emerging markets,1,regime_normal,3771,0.008600976126468972,1.4564313485605254,0.01413451985634632,2005-02-03,2026-07-10,-0.6740334768575293,1.6846522324801276,0.09213845857764213,-1.4528333723243358,0.11083825696478478,3.066666666666667,4.0,0.7333333333333333,,
EEM,Emerging markets,1,regime_gate_shuffle,3771,0.008636442334528375,1.4650816990517461,0.01413451985634632,2005-02-03,2026-07-10,-1.089163825432899,2.2498178039749996,0.024517963712965773,-2.028830170285878,-0.1406805445887782,2.7333333333333334,2.0,0.7333333333333333,,
EEM,Emerging markets,1,regime_single,3771,0.008543390812335063,1.4664344463624441,0.01413451985634632,2005-02-03,2026-07-10,0.0,,,,,2.0,2.0,0.0,,
EEM,Emerging markets,1,regime_features,3771,0.00860066445240409,1.458356213663398,0.01413451985634632,2005-02-03,2026-07-10,-0.6703853461360434,2.453119291631231,0.014207310373502535,-1.2029810362470084,-0.13495693740557257,,4.0,,,
EEM,Emerging markets,1,regime_shrunk,3771,0.008555189964821864,1.4469781575904033,0.01413451985634632,2005-02-03,2026-07-10,-0.13810854198271047,0.4578159876774023,0.6471110325508207,-0.7274154312420178,0.45468697485646636,,4.0,,0.35,0.13333333333333333
EEM,Emerging markets,5,rw_vol,3771,0.006489718624766771,0.6894979841000591,0.01413451985634632,2005-02-03,2026-07-10,-14.590213794673339,3.098422373151263,0.0019598684000114996,-22.93116881593409,-5.592433102785344,,,,,
EEM,Emerging markets,5,ridge,3771,0.005663414361365335,0.3777181153183965,0.01413451985634632,2005-02-03,2026-07-10,0.0,,,,,,,,,
EEM,Emerging markets,5,har,3771,0.005700990745221288,0.38069307112977013,0.01413451985634632,2005-02-03,2026-07-10,-0.6634934592159049,0.6099250768312193,0.5419481996720674,-2.767269193658861,1.4851979989541797,,,,,
EEM,Emerging markets,5,ewma,3771,0.005758751107415432,0.3916292855053685,0.01413451985634632,2005-02-03,2026-07-10,-1.683379317968772,1.0200564762821707,0.3077671297094784,-4.843035423746067,1.577659130769682,,,,,
EEM,Emerging markets,5,garch11,3771,0.0055928091099628095,0.36956337627128966,0.01413451985634632,2005-02-03,2026-07-10,1.2466905456217345,-0.7391242665985569,0.45987755778895556,-2.0268841032575757,4.632567526619247,,,,,
EEM,Emerging markets,5,regime_normal,3771,0.005683459379864652,0.3734980402700318,0.01413451985634632,2005-02-03,2026-07-10,-0.3539387588529698,0.5189634860698285,0.6038166655644259,-1.6799661393393173,0.9898463048660933,3.3333333333333335,4.0,0.6,,
EEM,Emerging markets,5,regime_gate_shuffle,3771,0.00562526384343018,0.370230859777327,0.01413451985634632,2005-02-03,2026-07-10,0.6736310554179075,-0.8083102671979467,0.4189629951966438,-0.9525209120616163,2.3268529383318692,2.7333333333333334,2.0,0.6666666666666666,,
EEM,Emerging markets,5,regime_single,3771,0.005663414361365335,0.3777181153183965,0.01413451985634632,2005-02-03,2026-07-10,0.0,,,,,2.0,2.0,0.0,,
EEM,Emerging markets,5,regime_features,3771,0.0056779557430134,0.3741536570765848,0.01413451985634632,2005-02-03,2026-07-10,-0.25675998117432125,0.5834780201685577,0.5596064525980391,-1.1147446907819214,0.6086309080935326,,2.0,,,
EEM,Emerging markets,5,regime_shrunk,3771,0.005661783406507673,0.3733348062943857,0.01413451985634632,2005-02-03,2026-07-10,0.02879808457575687,-0.06090916146117964,0.9514347817688145,-0.8940520175712896,0.9602469091089194,,4.0,,0.43333333333333335,0.06666666666666667
EEM,Emerging markets,20,rw_vol,3771,0.005747765685158931,0.3198058073022455,0.01413451985634632,2005-02-03,2026-07-10,-11.996452732319504,1.403364676114717,0.1605904774602136,-26.870926155613528,5.183445824781185,,,,,
EEM,Emerging markets,20,ridge,3771,0.005132096191382553,0.27624743996194956,0.01413451985634632,2005-02-03,2026-07-10,0.0,,,,,,,,,
EEM,Emerging markets,20,har,3771,0.005096762585745202,0.2641471412596495,0.01413451985634632,2005-02-03,2026-07-10,0.6884829184745391,-0.6425840493676175,0.5205331109153977,-1.3975263133391147,2.8192585560084193,,,,,
EEM,Emerging markets,20,ewma,3771,0.005018076269529281,0.27784776697293706,0.01413451985634632,2005-02-03,2026-07-10,2.2217027429206513,-1.0122897221091385,0.3114645103576086,-2.0373959803075214,6.674973075034907,,,,,
EEM,Emerging markets,20,garch11,3771,0.00502368124254985,0.27034723068443584,0.01413451985634632,2005-02-03,2026-07-10,2.1124886360225545,-1.342883601324961,0.17939050849936256,-0.956876830598774,5.281264880294523,,,,,
EEM,Emerging markets,20,regime_normal,3771,0.005247397594463661,0.28294004522107286,0.01413451985634632,2005-02-03,2026-07-10,-2.246672680740344,2.1267507665631302,0.03350556464783372,-4.274946634818866,-0.17734101517459244,3.1333333333333333,3.0,0.7333333333333333,,
EEM,Emerging markets,20,regime_gate_shuffle,3771,0.005129423662471037,0.2943947091280887,0.01413451985634632,2005-02-03,2026-07-10,0.05207480163764732,-0.032286787981292774,0.9742450545071448,-3.0624302275297888,3.2668051881340143,2.7333333333333334,2.0,0.7333333333333333,,
EEM,Emerging markets,20,regime_single,3771,0.005132096191382553,0.27624743996194956,0.01413451985634632,2005-02-03,2026-07-10,0.0,,,,,2.0,2.0,0.0,,
EEM,Emerging markets,20,regime_features,3771,0.005204986492493308,0.2846567848752124,0.01413451985634632,2005-02-03,2026-07-10,-1.42028322136961,2.5808239239755912,0.009893943103176595,-2.486085235169555,-0.343161354300614,,3.0,,,
EEM,Emerging markets,20,regime_shrunk,3771,0.0052387287947222,0.2767007282269239,0.01413451985634632,2005-02-03,2026-07-10,-2.077759250083755,2.1622455834631213,0.03066195791268367,-3.925842172935745,-0.1955946919931506,,3.0,,0.42,0.13333333333333333
MSFT,Single name (tech),1,rw_vol,3771,0.01468683565570085,105.5963616312508,0.014870632393511522,2005-02-03,2026-07-10,-30.58814100117063,10.016764862468088,0.0,-35.771153546516075,-25.190730507220827,,,,,
MSFT,Single name (tech),1,ridge,3771,0.011246684073379368,1.8738258954761193,0.014870632393511522,2005-02-03,2026-07-10,0.0,,,,,,,,,
MSFT,Single name (tech),1,har,3771,0.011332730128437775,1.959050236183526,0.014870632393511522,2005-02-03,2026-07-10,-0.7650793291337825,1.5872524375252977,0.11253934350885308,-1.7021695425996297,0.18080778356515115,,,,,
MSFT,Single name (tech),1,ewma,3771,0.011329152191032818,1.946846707800343,0.014870632393511522,2005-02-03,2026-07-10,-0.7332660641606357,1.3919186049322008,0.1640291549586841,-1.757148683761578,0.30113102117563795,,,,,
MSFT,Single name (tech),1,garch11,3771,0.011305570923463348,1.9629770628924552,0.014870632393511522,2005-02-03,2026-07-10,-0.523592995942366,0.9193754879098708,0.35795802467561044,-1.6311599070752747,0.5963137827865173,,,,,
MSFT,Single name (tech),1,regime_normal,3771,0.011419043288654519,1.9502677710339298,0.014870632393511522,2005-02-03,2026-07-10,-1.5325336263612195,2.8548202173146247,0.004329636267457637,-2.571763943855787,-0.48255575283835395,3.066666666666667,4.0,0.6666666666666666,,
MSFT,Single name (tech),1,regime_gate_shuffle,3771,0.011377451834843315,1.9195075182066168,0.014870632393511522,2005-02-03,2026-07-10,-1.1627228133265541,2.2508385165722142,0.02445315511891355,-2.1647301099364524,-0.15069093908304243,2.933333333333333,2.0,0.6,,
MSFT,Single name (tech),1,regime_single,3771,0.011246684073379368,1.8738258954761193,0.014870632393511522,2005-02-03,2026-07-10,0.0,,,,,2.0,2.0,0.0,,
MSFT,Single name (tech),1,regime_features,3771,0.011268775611234221,1.8718945890319103,0.014870632393511522,2005-02-03,2026-07-10,-0.19642712208074675,1.7820947881839007,0.07481423809579946,-0.4120849183336661,0.019695847560929902,,4.0,,,
MSFT,Single name (tech),1,regime_shrunk,3771,0.011348895742184695,1.9039553270834955,0.014870632393511522,2005-02-03,2026-07-10,-0.9088160398073178,2.306341122730872,0.02114556033688597,-1.6750020653088171,-0.1367677935072642,,2.0,,0.4,0.26666666666666666
MSFT,Single name (tech),5,rw_vol,3771,0.009373724191703557,1.1292299298258142,0.014870632393511522,2005-02-03,2026-07-10,-16.15686329911599,3.820684547041343,0.00013522610463923002,-23.630736429417333,-8.167808487086315,,,,,
MSFT,Single name (tech),5,ridge,3771,0.008069884056325836,0.5810827515192623,0.014870632393511522,2005-02-03,2026-07-10,0.0,,,,,,,,,
MSFT,Single name (tech),5,har,3771,0.00807714914477733,0.5767747005525684,0.014870632393511522,2005-02-03,2026-07-10,-0.0900271726431903,0.12064048508129997,0.9039822293893995,-1.5419187360718123,1.3832376406632707,,,,,
MSFT,Single name (tech),5,ewma,3771,0.007995868231941624,0.5712759686216987,0.014870632393511522,2005-02-03,2026-07-10,0.91718572246639,-0.8176021427035604,0.41363607123503554,-1.2682842887727697,3.151960435325596,,,,,
MSFT,Single name (tech),5,garch11,3771,0.008042796655867252,0.5784800017283181,0.014870632393511522,2005-02-03,2026-07-10,0.33566034244754644,-0.39368846460266127,0.6938333226582718,-1.3249300506555484,2.024392071384795,,,,,
MSFT,Single name (tech),5,regime_normal,3771,0.008246802842204104,0.5982659637811666,0.014870632393511522,2005-02-03,2026-07-10,-2.1923336772055,2.625205926818077,0.008694630404946224,-3.799443748378306,-0.5595425721192315,3.0,2.0,0.8666666666666667,,
MSFT,Single name (tech),5,regime_gate_shuffle,3771,0.008015831915146491,0.5674514211599772,0.014870632393511522,2005-02-03,2026-07-10,0.6698007158724217,-0.9040774483675876,0.3660121013593076,-0.7770965388623985,2.138088140248351,3.066666666666667,4.0,0.8666666666666667,,
MSFT,Single name (tech),5,regime_single,3771,0.008069884056325836,0.5810827515192623,0.014870632393511522,2005-02-03,2026-07-10,0.0,,,,,2.0,2.0,0.0,,
MSFT,Single name (tech),5,regime_features,3771,0.008148417378416388,0.5880838920832028,0.014870632393511522,2005-02-03,2026-07-10,-0.9731654326432574,3.6866749553860445,0.00023040164006582486,-1.486899150837906,-0.4568045267395071,,4.0,,,
MSFT,Single name (tech),5,regime_shrunk,3771,0.00806028110752957,0.574617526898408,0.014870632393511522,2005-02-03,2026-07-10,0.11899735769733706,-0.39921447549429373,0.6897577903394616,-0.4640602361588364,0.705478607685539,,3.0,,0.45,0.26666666666666666
MSFT,Single name (tech),20,rw_vol,3771,0.007470614654627703,0.43260737719275655,0.014870632393511522,2005-02-03,2026-07-10,-11.17858185227317,1.5356795739625062,0.12470090200950801,-23.99411327442138,3.321077795337568,,,,,
MSFT,Single name (tech),20,ridge,3771,0.006719472878826758,0.3619263338608659,0.014870632393511522,2005-02-03,2026-07-10,0.0,,,,,,,,,
MSFT,Single name (tech),20,har,3771,0.006614890950267749,0.33967116441166934,0.014870632393511522,2005-02-03,2026-07-10,1.5564007838851337,-1.925196360308238,0.05427994332283914,-0.028389595944866564,3.1671247556493642,,,,,
MSFT,Single name (tech),20,ewma,3771,0.006542551304167352,0.34215686794281286,0.014870632393511522,2005-02-03,2026-07-10,2.6329680593977947,-2.4839158078905745,0.013037773995285828,0.5489291080506664,4.7626002229745446,,,,,
MSFT,Single name (tech),20,garch11,3771,0.0066635204725859236,0.3530714568610348,0.014870632393511522,2005-02-03,2026-07-10,0.8326904096471863,-0.9649772707597628,0.3346180901795752,-0.8519232658614095,2.546420505172975,,,,,
MSFT,Single name (tech),20,regime_normal,3771,0.0068904552321647616,0.39593013226329177,0.014870632393511522,2005-02-03,2026-07-10,-2.5445798565059166,3.309071014188326,0.0009448527548967522,-4.022858501002102,-1.0446763821584826,3.2,4.0,0.8,,
MSFT,Single name (tech),20,regime_gate_shuffle,3771,0.006891366809279379,0.4070549854563708,0.014870632393511522,2005-02-03,2026-07-10,-2.558146056281645,1.8528712331483155,0.06397891156257285,-5.197301285625677,0.15074137869376392,3.1333333333333333,4.0,0.8666666666666667,,
MSFT,Single name (tech),20,regime_single,3771,0.006719472878826758,0.3619263338608659,0.014870632393511522,2005-02-03,2026-07-10,0.0,,,,,2.0,2.0,0.0,,
MSFT,Single name (tech),20,regime_features,3771,0.006745762273593203,0.3612362121301654,0.014870632393511522,2005-02-03,2026-07-10,-0.3912419209144269,0.9719959100065436,0.3311149408304299,-1.1758046860797844,0.3995007293067565,,4.0,,,
MSFT,Single name (tech),20,regime_shrunk,3771,0.006815317969167847,0.3744360103303751,0.014870632393511522,2005-02-03,2026-07-10,-1.426378111341143,2.5863590381212034,0.00973672859709751,-2.4944198317310873,-0.34696934599636187,,4.0,,0.39333333333333337,0.2
BTC-USD,Bitcoin,1,rw_vol,1826,0.029672766735142915,131.44673026254335,0.030247312918351744,2014-10-09,2026-07-18,-35.11263321126705,10.668508388232654,0.0,-40.61676473582958,-29.374544566514803,,,,,
BTC-USD,Bitcoin,1,ridge,1826,0.02196150428712724,2.167296264785903,0.030247312918351744,2014-10-09,2026-07-18,0.0,,,,,,,,,
BTC-USD,Bitcoin,1,har,1826,0.021997555996425406,2.065794402740927,0.030247312918351744,2014-10-09,2026-07-18,-0.16415865155147552,0.23521027588780924,0.8140719192131871,-1.522636460493243,1.2129986139022386,,,,,
BTC-USD,Bitcoin,1,ewma,1826,0.02177418438724455,2.1059736465652,0.030247312918351744,2014-10-09,2026-07-18,0.8529465806788348,-1.129905475251995,0.2586645373783165,-0.6229621917326345,2.3511603590263053,,,,,
BTC-USD,Bitcoin,1,garch11,1826,0.022026033051490816,2.052248770674708,0.030247312918351744,2014-10-09,2026-07-18,-0.29382670476448514,0.4172917112664106,0.6765141330728026,-1.6634332216747483,1.094743841630219,,,,,
BTC-USD,Bitcoin,1,regime_normal,1826,0.022186936628008996,2.161436840054056,0.030247312918351744,2014-10-09,2026-07-18,-1.0264886135959976,1.4483890206957128,0.14768006214049545,-2.400058574534092,0.3660158022471105,3.4,4.0,0.4,,
BTC-USD,Bitcoin,1,regime_gate_shuffle,1826,0.022536497337330087,2.105742248732176,0.030247312918351744,2014-10-09,2026-07-18,-2.6181860891008317,3.5618447450116757,0.0003777045821102831,-4.031715855868989,-1.1849115655016673,2.8,2.0,0.8,,
BTC-USD,Bitcoin,1,regime_single,1826,0.02196150428712724,2.167296264785903,0.030247312918351744,2014-10-09,2026-07-18,0.0,,,,,2.0,2.0,0.0,,
BTC-USD,Bitcoin,1,regime_features,1826,0.0219995713568713,2.1742119238190414,0.030247312918351744,2014-10-09,2026-07-18,-0.1733354384397682,0.9517688430869471,0.341340257571237,-0.5295770476250183,0.18417758516454663,,2.0,,,
BTC-USD,Bitcoin,1,regime_shrunk,1826,0.021953681099153695,2.118177094226111,0.030247312918351744,2014-10-09,2026-07-18,0.03562227737800777,-0.07798475793991405,0.9378487263552095,-0.8564336522581151,0.9357106829623096,,4.0,,0.35,0.0
BTC-USD,Bitcoin,5,rw_vol,1826,0.017333972075490006,1.378900317152077,0.030247312918351744,2014-10-09,2026-07-18,-23.32072847910617,7.004344063926013,3.476108290101365e-12,-29.09794195606168,-17.259223636966723,,,,,
BTC-USD,Bitcoin,5,ridge,1826,0.014056008498544383,0.5217262433373637,0.030247312918351744,2014-10-09,2026-07-18,0.0,,,,,,,,,
BTC-USD,Bitcoin,5,har,1826,0.014250379931080746,0.5186488057797631,0.030247312918351744,2014-10-09,2026-07-18,-1.382835195044823,1.4035862634187124,0.1606122143862898,-3.2840986301214015,0.5547712832104312,,,,,
BTC-USD,Bitcoin,5,ewma,1826,0.013966458468307073,0.5191803942613142,0.030247312918351744,2014-10-09,2026-07-18,0.6370943091460394,-0.48325000992790995,0.6289761987423694,-1.923833043686951,3.265795540865135,,,,,
BTC-USD,Bitcoin,5,garch11,1826,0.014446248341398876,0.5277691656757784,0.030247312918351744,2014-10-09,2026-07-18,-2.776320481699381,2.49426613577304,0.01270964857484258,-4.9077796089741055,-0.599711137899761,,,,,
BTC-USD,Bitcoin,5,regime_normal,1826,0.01425969724482409,0.5355331350388091,0.030247312918351744,2014-10-09,2026-07-18,-1.4491222476195897,2.84292471010951,0.004519904841993716,-2.4368876981248455,-0.4516443287350569,2.2,2.0,0.8,,
BTC-USD,Bitcoin,5,regime_gate_shuffle,1826,0.014759259700906188,0.5418996698529409,0.030247312918351744,2014-10-09,2026-07-18,-5.003207008836343,5.975001160432653,2.759966921672685e-09,-6.594304499483927,-3.3876260127505775,2.8,2.0,1.0,,
BTC-USD,Bitcoin,5,regime_single,1826,0.014056008498544383,0.5217262433373637,0.030247312918351744,2014-10-09,2026-07-18,0.0,,,,,2.0,2.0,0.0,,
BTC-USD,Bitcoin,5,regime_features,1826,0.014110383583595234,0.5261486003561217,0.030247312918351744,2014-10-09,2026-07-18,-0.3868458464327312,1.8603431796841015,0.06299773977366141,-0.7930699345312542,0.021028755224772322,,2.0,,,
BTC-USD,Bitcoin,5,regime_shrunk,1826,0.014033396917355234,0.5182647979943616,0.030247312918351744,2014-10-09,2026-07-18,0.1608677256526347,-0.7876706278613267,0.43099167684768713,-0.23920684310589913,0.5625519331157958,,2.0,,0.78,0.2
BTC-USD,Bitcoin,20,rw_vol,1826,0.011618000540688098,0.42743847397681745,0.030247312918351744,2014-10-09,2026-07-18,-5.832402276598948,0.9797388200189503,0.3273449148633636,-16.634822633662715,6.206008228214454,,,,,
BTC-USD,Bitcoin,20,ridge,1826,0.010977734881538264,0.26058794759358384,0.030247312918351744,2014-10-09,2026-07-18,0.0,,,,,,,,,
BTC-USD,Bitcoin,20,har,1826,0.010988650174922279,0.25606808562020456,0.030247312918351744,2014-10-09,2026-07-18,-0.0994311987108739,0.07228971497580387,0.942379270774365,-2.760353962935902,2.6341851262824956,,,,,
BTC-USD,Bitcoin,20,ewma,1826,0.010687356258077643,0.24700725096547183,0.030247312918351744,2014-10-09,2026-07-18,2.6451597400932245,-1.527010825419127,0.12693160167561657,-0.7395513434180101,6.151863954627313,,,,,
BTC-USD,Bitcoin,20,garch11,1826,0.011347836169424239,0.26947137211844086,0.030247312918351744,2014-10-09,2026-07-18,-3.371381180906367,1.9434685381555799,0.05211312628551901,-6.665661116988364,0.031396763922497684,,,,,
BTC-USD,Bitcoin,20,regime_normal,1826,0.011309915509358136,0.27163663815190353,0.030247312918351744,2014-10-09,2026-07-18,-3.025948717148515,2.7797732109362117,0.005495485515350396,-5.108501368776874,-0.9004219919166889,2.6,2.0,0.8,,
BTC-USD,Bitcoin,20,regime_gate_shuffle,1826,0.012099840446377349,0.28660499265278694,0.030247312918351744,2014-10-09,2026-07-18,-10.221649337935634,5.276959876993759,1.4700156225622152e-07,-13.786869096145193,-6.537187811798417,3.0,2.0,0.8,,
BTC-USD,Bitcoin,20,regime_single,1826,0.010977734881538264,0.26058794759358384,0.030247312918351744,2014-10-09,2026-07-18,0.0,,,,,2.0,2.0,0.0,,
BTC-USD,Bitcoin,20,regime_features,1826,0.011071572107265379,0.2644352704994232,0.030247312918351744,2014-10-09,2026-07-18,-0.8547958822081354,2.423128768882687,0.015484196004196704,-1.5413930635231887,-0.16349234927273137,,2.0,,,
BTC-USD,Bitcoin,20,regime_shrunk,1826,0.011074752402465478,0.2631048297900638,0.030247312918351744,2014-10-09,2026-07-18,-0.8837662958172979,1.2168356854726463,0.22382407627119405,-2.2921285328426855,0.5445373834168987,,2.0,,0.73,0.4
TSLA,Single name (high vol),1,rw_vol,2261,0.03609793415597456,128.39657347526395,0.032384826879326686,2010-07-30,2026-07-10,-36.01789375865375,12.080905297609249,0.0,-40.99914021733184,-30.84715244533993,,,,,
TSLA,Single name (high vol),1,ridge,2261,0.02653910684724004,2.257951720388225,0.032384826879326686,2010-07-30,2026-07-10,0.0,,,,,,,,,
TSLA,Single name (high vol),1,har,2261,0.02642718318245059,2.063436983339785,0.032384826879326686,2010-07-30,2026-07-10,0.4217310907774151,-0.879721508386333,0.37910372503109624,-0.5159386160568991,1.3683146141770242,,,,,
TSLA,Single name (high vol),1,ewma,2261,0.02630712959516601,2.02026594606975,0.032384826879326686,2010-07-30,2026-07-10,0.8740959272265574,-1.6980910580149873,0.08962823544196286,-0.13465807968444654,1.8932216013896053,,,,,
TSLA,Single name (high vol),1,garch11,2261,0.02640634522557144,2.0082688690347617,0.032384826879326686,2010-07-30,2026-07-10,0.5002490190524397,-0.9095718808601744,0.36314532383588727,-0.5751748095998543,1.5874240629807468,,,,,
TSLA,Single name (high vol),1,regime_normal,2261,0.026747077872291553,2.2440612639258224,0.032384826879326686,2010-07-30,2026-07-10,-0.7836398800027528,2.4105406328493237,0.016008270343646602,-1.4166771874228212,-0.1466011564358327,2.888888888888889,2.0,0.8888888888888888,,
TSLA,Single name (high vol),1,regime_gate_shuffle,2261,0.026792267176338615,2.2977340727520343,0.032384826879326686,2010-07-30,2026-07-10,-0.9539142766023594,2.21530771409168,0.026838299184239744,-1.790870626618668,-0.109960906046358,2.4444444444444446,2.0,0.6666666666666666,,
TSLA,Single name (high vol),1,regime_single,2261,0.02653910684724004,2.257951720388225,0.032384826879326686,2010-07-30,2026-07-10,0.0,,,,,2.0,2.0,0.0,,
TSLA,Single name (high vol),1,regime_features,2261,0.026592395983808373,2.2431007539479593,0.032384826879326686,2010-07-30,2026-07-10,-0.2007947625180777,1.1237119927093333,0.2612545736598195,-0.5502456108247955,0.1498790702617825,,2.0,,,
TSLA,Single name (high vol),1,regime_shrunk,2261,0.026661082352618312,2.256984600771922,0.032384826879326686,2010-07-30,2026-07-10,-0.459606670564947,1.9531680099513755,0.05092293798878034,-0.9189539029933247,0.0018505774494803617,,4.0,,0.3611111111111111,0.1111111111111111
TSLA,Single name (high vol),5,rw_vol,2261,0.022030673445705303,1.4437987464889837,0.032384826879326686,2010-07-30,2026-07-10,-23.40343692015369,5.361580145761916,9.088915864374769e-08,-30.92255127041039,-15.395416097258652,,,,,
TSLA,Single name (high vol),5,ridge,2261,0.01785256067054268,0.6314246301540413,0.032384826879326686,2010-07-30,2026-07-10,0.0,,,,,,,,,
TSLA,Single name (high vol),5,har,2261,0.017550842925565354,0.5539516621998499,0.032384826879326686,2010-07-30,2026-07-10,1.690053043623992,-1.6622772146359694,0.09659587971980077,-0.3007100265173257,3.721970786126827,,,,,
TSLA,Single name (high vol),5,ewma,2261,0.017272274950839262,0.5280590885390064,0.032384826879326686,2010-07-30,2026-07-10,3.2504340996914185,-3.0328678960725495,0.0024499646386231255,1.136533266311024,5.411565457540868,,,,,
TSLA,Single name (high vol),5,garch11,2261,0.017443120030350107,0.5319224094878461,0.032384826879326686,2010-07-30,2026-07-10,2.2934560915295683,-1.8103822230068494,0.07036929018061633,-0.1884600829952232,4.84008243344366,,,,,
TSLA,Single name (high vol),5,regime_normal,2261,0.018489906683177404,0.6790527431001343,0.032384826879326686,2010-07-30,2026-07-10,-3.570053755293299,4.297098197002264,1.8038196907710358e-05,-5.159007265901883,-1.9563399725523345,3.0,2.0,0.6666666666666666,,
TSLA,Single name (high vol),5,regime_gate_shuffle,2261,0.01847877119966961,0.6786202116803587,0.032384826879326686,2010-07-30,2026-07-10,-3.5076790421454587,3.644734636271632,0.000273705822684267,-5.346637931698228,-1.6354520719580101,2.6666666666666665,2.0,0.7777777777777778,,
TSLA,Single name (high vol),5,regime_single,2261,0.01785256067054268,0.6314246301540413,0.032384826879326686,2010-07-30,2026-07-10,0.0,,,,,2.0,2.0,0.0,,
TSLA,Single name (high vol),5,regime_features,2261,0.01801103040722124,0.6355435423007689,0.032384826879326686,2010-07-30,2026-07-10,-0.8876583006943095,2.46595263468231,0.013738700510271151,-1.5880197361922255,-0.18240085401388662,,3.0,,,
TSLA,Single name (high vol),5,regime_shrunk,2261,0.0182606204832216,0.6485433961271844,0.032384826879326686,2010-07-30,2026-07-10,-2.285721472730978,3.0275361245089614,0.0024934210479610197,-3.7393713847761356,-0.8111127757534975,,4.0,,0.46111111111111114,0.1111111111111111
TSLA,Single name (high vol),20,rw_vol,2261,0.014394587422374608,0.3212127843700028,0.032384826879326686,2010-07-30,2026-07-10,-6.998925955089335,1.0295619436961876,0.3033258584099394,-19.198378085504263,6.783655012275036,,,,,
TSLA,Single name (high vol),20,ridge,2261,0.013453020480239632,0.33273271534369353,0.032384826879326686,2010-07-30,2026-07-10,0.0,,,,,,,,,
TSLA,Single name (high vol),20,har,2261,0.012949125416189951,0.2674229638110443,0.032384826879326686,2010-07-30,2026-07-10,3.7455905518751247,-1.4437015677385543,0.14896154062216937,-1.3084387918659957,9.080129201756538,,,,,
TSLA,Single name (high vol),20,ewma,2261,0.012640920660085118,0.24974535776522166,0.032384826879326686,2010-07-30,2026-07-10,6.03656124174761,-2.260801552706662,0.02386628584734085,0.7793381750868966,11.605905663455495,,,,,
TSLA,Single name (high vol),20,garch11,2261,0.012838599129985261,0.253961925966449,0.032384826879326686,2010-07-30,2026-07-10,4.567162825306474,-1.584175586178505,0.1132936780446625,-1.0560367048967123,10.54313739057411,,,,,
TSLA,Single name (high vol),20,regime_normal,2261,0.013942312901593696,0.37205940522197695,0.032384826879326686,2010-07-30,2026-07-10,-3.6370450938713486,2.8129900387627846,0.004950739459086861,-6.098803066294511,-1.1153708368707882,3.7777777777777777,4.0,0.8888888888888888,,
TSLA,Single name (high vol),20,regime_gate_shuffle,2261,0.013973178076339757,0.3766492199423625,0.032384826879326686,2010-07-30,2026-07-10,-3.8664744238229174,1.8867748267966502,0.05931869425952008,-7.738128194856775,0.15519667234591417,3.2222222222222223,4.0,0.8888888888888888,,
TSLA,Single name (high vol),20,regime_single,2261,0.013453020480239632,0.33273271534369353,0.032384826879326686,2010-07-30,2026-07-10,0.0,,,,,2.0,2.0,0.0,,
TSLA,Single name (high vol),20,regime_features,2261,0.01366262264811885,0.3470776993880846,0.032384826879326686,2010-07-30,2026-07-10,-1.5580305418183948,1.5876744821483735,0.11249985102761806,-3.4500446996763134,0.36990722326508685,,3.0,,,
TSLA,Single name (high vol),20,regime_shrunk,2261,0.013852064663158886,0.36711511388663887,0.032384826879326686,2010-07-30,2026-07-10,-2.966205124755343,2.471160300937222,0.013540781213216446,-5.260599667482868,-0.6195058287819855,,4.0,,0.2111111111111111,0.0
HYG,High yield credit,1,rw_vol,3268,0.004232522225151423,63.27831799365843,0.004830157175052705,2007-05-11,2026-07-10,-28.77772499005181,5.138194485326304,2.9366650022844e-07,-38.188227131405526,-18.623011214122798,,,,,
HYG,High yield credit,1,ridge,3268,0.0032866881484964806,1.540509955333969,0.004830157175052705,2007-05-11,2026-07-10,0.0,,,,,,,,,
HYG,High yield credit,1,har,3268,0.0033222884550282374,1.5518510123893725,0.004830157175052705,2007-05-11,2026-07-10,-1.0831665470921665,1.0527667269206549,0.2925257748784691,-3.070137004444673,0.9436525190871459,,,,,
HYG,High yield credit,1,ewma,3268,0.003409478031162085,1.629638258949214,0.004830157175052705,2007-05-11,2026-07-10,-3.7359760682429113,2.6644620266543546,0.007749058219176375,-6.401410272735819,-1.0002245226963913,,,,,
HYG,High yield credit,1,garch11,3268,0.0032919445955418986,1.5243327014714407,0.004830157175052705,2007-05-11,2026-07-10,-0.15993142056457557,0.14973946758011758,0.8809794115547795,-2.230991233306079,1.954866740872374,,,,,
HYG,High yield credit,1,regime_normal,3268,0.003309508565546109,1.550014125754557,0.004830157175052705,2007-05-11,2026-07-10,-0.6943286377829282,0.9126819535491207,0.3614771817283935,-2.1699810955214893,0.8032732265401687,3.0,2.0,0.5384615384615384,,
HYG,High yield credit,1,regime_gate_shuffle,3268,0.003407347056672637,1.8905309695304875,0.004830157175052705,2007-05-11,2026-07-10,-3.671139540006331,3.0596155977933974,0.0022342011617857427,-5.956860685989684,-1.3338740037935448,3.0,2.0,0.6923076923076923,,
HYG,High yield credit,1,regime_single,3268,0.0032866881484964806,1.540509955333969,0.004830157175052705,2007-05-11,2026-07-10,0.0,,,,,2.0,2.0,0.0,,
HYG,High yield credit,1,regime_features,3268,0.00329416719981345,1.500073272561547,0.004830157175052705,2007-05-11,2026-07-10,-0.22755585498400843,0.5800579463575837,0.5619155431809624,-0.9929361750323995,0.5437143863008087,,2.0,,,
HYG,High yield credit,1,regime_shrunk,3268,0.003301254262898347,1.5416888357336913,0.004830157175052705,2007-05-11,2026-07-10,-0.443185168283458,0.6402556717813979,0.5220512941296338,-1.788373734278248,0.9202651092008018,,3.0,,0.38461538461538464,0.0
HYG,High yield credit,5,rw_vol,3268,0.0026316018486129147,1.0084454592905412,0.004830157175052705,2007-05-11,2026-07-10,-15.50522498693888,2.353531265813901,0.018654981309606855,-26.984932097246105,-2.7508687010700195,,,,,
HYG,High yield credit,5,ridge,3268,0.0022783400914638203,0.551253237352626,0.004830157175052705,2007-05-11,2026-07-10,0.0,,,,,,,,,
HYG,High yield credit,5,har,3268,0.0024239530454573163,0.5228742956404688,0.004830157175052705,2007-05-11,2026-07-10,-6.391186045448576,2.7560952893510784,0.005882060685421964,-10.713518438035518,-1.8856504684799713,,,,,
HYG,High yield credit,5,ewma,3268,0.002551040409877258,0.5573401370269614,0.004830157175052705,2007-05-11,2026-07-10,-11.969254258183618,2.5923276880201382,0.009575372031964235,-20.233288590672018,-3.0445734279089143,,,,,
HYG,High yield credit,5,garch11,3268,0.002371574034430132,0.5117260477690233,0.004830157175052705,2007-05-11,2026-07-10,-4.092187260173673,1.9504685899981948,0.05120569232276151,-8.049728505631638,0.021887059849889923,,,,,
HYG,High yield credit,5,regime_normal,3268,0.0023664505150083185,0.5648518727667483,0.004830157175052705,2007-05-11,2026-07-10,-3.86730777703551,1.7633683448610085,0.07793185087839571,-8.004905822345876,0.4420994194582417,2.8461538461538463,3.0,0.7692307692307693,,
HYG,High yield credit,5,regime_gate_shuffle,3268,0.0023738510985496274,0.6395669473780423,0.004830157175052705,2007-05-11,2026-07-10,-4.192131255717924,1.9617136994270359,0.0498806184168985,-8.219933018910709,-0.0022326180770138038,2.6923076923076925,2.0,0.8461538461538461,,
HYG,High yield credit,5,regime_single,3268,0.0022783400914638203,0.551253237352626,0.004830157175052705,2007-05-11,2026-07-10,0.0,,,,,2.0,2.0,0.0,,
HYG,High yield credit,5,regime_features,3268,0.002280504900300577,0.5397241670456043,0.004830157175052705,2007-05-11,2026-07-10,-0.09501693118019333,0.12625803195569232,0.8995354452563165,-1.5591484111258103,1.3908513224385688,,2.0,,,
HYG,High yield credit,5,regime_shrunk,3268,0.0022880918955663393,0.5275977580951522,0.004830157175052705,2007-05-11,2026-07-10,-0.42802231936556867,0.4180158546407189,0.6759629980479598,-2.411776929863141,1.5957151338117592,,2.0,,0.46153846153846156,0.0
HYG,High yield credit,20,rw_vol,3268,0.002730392007760394,0.671624877204173,0.004830157175052705,2007-05-11,2026-07-10,-12.062739057910894,1.1556522377002125,0.2479079405091209,-29.992621741062784,9.346631263875105,,,,,
HYG,High yield credit,20,ridge,3268,0.0024364851606468443,0.5649669763056658,0.004830157175052705,2007-05-11,2026-07-10,0.0,,,,,,,,,
HYG,High yield credit,20,har,3268,0.002473620952124855,0.5577222585744442,0.004830157175052705,2007-05-11,2026-07-10,-1.5241542233793701,0.808020269177115,0.4191377435244139,-5.130746718250423,2.2153699398105076,,,,,
HYG,High yield credit,20,ewma,3268,0.0027027142121411676,0.6076798472629068,0.004830157175052705,2007-05-11,2026-07-10,-10.926766794821939,1.8070073488318215,0.07085309486189328,-21.67789532859885,0.9849255339967611,,,,,
HYG,High yield credit,20,garch11,3268,0.002452340927008669,0.5667082413935282,0.004830157175052705,2007-05-11,2026-07-10,-0.6507639208282809,0.4063337334253366,0.6845240164380435,-3.7335463181685347,2.529471510876702,,,,,
HYG,High yield credit,20,regime_normal,3268,0.0025187611714613317,0.5572994988690856,0.004830157175052705,2007-05-11,2026-07-10,-3.3768320096250672,1.2424595449921563,0.21415623070134449,-8.492123305184496,2.005112513840168,2.6923076923076925,2.0,0.7692307692307693,,
HYG,High yield credit,20,regime_gate_shuffle,3268,0.002699757722446256,0.8114119178339713,0.004830157175052705,2007-05-11,2026-07-10,-10.805424389677693,2.2964047666805008,0.02171575114024904,-19.25889260833733,-1.6513683242199262,3.076923076923077,4.0,1.0,,
HYG,High yield credit,20,regime_single,3268,0.0024364851606468443,0.5649669763056658,0.004830157175052705,2007-05-11,2026-07-10,0.0,,,,,2.0,2.0,0.0,,
HYG,High yield credit,20,regime_features,3268,0.002402248817715017,0.5304254514989314,0.004830157175052705,2007-05-11,2026-07-10,1.4051529426404674,-1.9255461573469121,0.054247766376575024,-0.0254628084243258,2.8568349162497397,,2.0,,,
HYG,High yield credit,20,regime_shrunk,3268,0.0024638174235154923,0.560204858221977,0.004830157175052705,2007-05-11,2026-07-10,-1.1217906560691613,0.974870935476355,0.3296964607247781,-3.3411025407318773,1.1473337909103876,,2.0,,0.6269230769230769,0.3076923076923077
USO,Crude oil,1,rw_vol,3518,0.020212101349967808,127.28214127576157,0.020112832310557733,2006-05-11,2026-07-10,-28.478288920996118,7.448161780028018,1.1834977442504169e-13,-34.97952915457381,-21.63004627699303,,,,,
USO,Crude oil,1,ridge,3518,0.015731919781712407,1.690449976441276,0.020112832310557733,2006-05-11,2026-07-10,0.0,,,,,,,,,
USO,Crude oil,1,har,3518,0.0155844669909431,1.606808683777971,0.020112832310557733,2006-05-11,2026-07-10,0.937284151046293,-1.4239169705679793,0.15455921988052412,-0.35102186685871395,2.242566763348708,,,,,
USO,Crude oil,1,ewma,3518,0.01567125049294984,1.610400375357823,0.020112832310557733,2006-05-11,2026-07-10,0.38564453419787853,-0.4383210601228885,0.6611804819783349,-1.3279685500697802,2.129256571483884,,,,,
USO,Crude oil,1,garch11,3518,0.015536824165247256,1.5754920283008857,0.020112832310557733,2006-05-11,2026-07-10,1.2401259297796572,-1.4159876258969073,0.15686767993311834,-0.47293089972804125,2.9834261110503246,,,,,
USO,Crude oil,1,regime_normal,3518,0.015825867193866708,1.6989654747708887,0.020112832310557733,2006-05-11,2026-07-10,-0.5971770353387515,1.4261493098307183,0.15391400218708662,-1.412422681647274,0.22472961300737948,3.357142857142857,4.0,0.8571428571428571,,
USO,Crude oil,1,regime_gate_shuffle,3518,0.015851186222979693,1.7384432634677032,0.020112832310557733,2006-05-11,2026-07-10,-0.7581175274357035,1.650960968919322,0.09883582745046171,-1.6510942732122835,0.14284438056733073,2.4285714285714284,2.0,0.42857142857142855,,
USO,Crude oil,1,regime_single,3518,0.015731919781712407,1.690449976441276,0.020112832310557733,2006-05-11,2026-07-10,0.0,,,,,2.0,2.0,0.0,,
USO,Crude oil,1,regime_features,3518,0.015736023825296982,1.6762875142839282,0.020112832310557733,2006-05-11,2026-07-10,-0.02608736658666098,0.07695613807957201,0.9386628155591481,-0.688444740238725,0.6406853710838711,,3.0,,,
USO,Crude oil,1,regime_shrunk,3518,0.015726892408005476,1.6826948632153567,0.020112832310557733,2006-05-11,2026-07-10,0.031956517555951816,-0.1904690599350339,0.8489525789242569,-0.29650848196538515,0.36150431814672146,,4.0,,0.38571428571428573,0.07142857142857142
USO,Crude oil,5,rw_vol,3518,0.012351884533797505,0.756883494612899,0.020112832310557733,2006-05-11,2026-07-10,-13.568691570292824,3.559964313197162,0.0003758130738733545,-20.390314693637723,-6.310241924019211,,,,,
USO,Crude oil,5,ridge,3518,0.010876135282541635,0.4614390887285032,0.020112832310557733,2006-05-11,2026-07-10,0.0,,,,,,,,,
USO,Crude oil,5,har,3518,0.010567000302044443,0.41366157948268906,0.020112832310557733,2006-05-11,2026-07-10,2.84232378934652,-1.3211741203348046,0.18652925952580124,-1.3470953185673373,7.220722336301877,,,,,
USO,Crude oil,5,ewma,3518,0.010987794232453088,0.43722618470895136,0.020112832310557733,2006-05-11,2026-07-10,-1.026641789668512,0.41944704475477945,0.6749150664904899,-5.693348612087479,3.866339080633452,,,,,
USO,Crude oil,5,garch11,3518,0.010631958682981509,0.4185187357811684,0.020112832310557733,2006-05-11,2026-07-10,2.2450676937797756,-1.0992985760202512,0.27171309637607877,-1.7244761637011496,6.38277653333229,,,,,
USO,Crude oil,5,regime_normal,3518,0.010694363662775925,0.434432392492183,0.020112832310557733,2006-05-11,2026-07-10,1.6712886980864392,-0.756912945783968,0.44915272117688265,-2.601808795231242,6.13872063232388,2.7857142857142856,2.0,0.42857142857142855,,
USO,Crude oil,5,regime_gate_shuffle,3518,0.010997861596379496,0.512043759924579,0.020112832310557733,2006-05-11,2026-07-10,-1.1192055879743978,0.36030093748575825,0.7186437342056404,-7.004577181210903,5.1305742625352035,2.2857142857142856,2.0,0.6428571428571429,,
USO,Crude oil,5,regime_single,3518,0.010876135282541635,0.4614390887285032,0.020112832310557733,2006-05-11,2026-07-10,0.0,,,,,2.0,2.0,0.0,,
USO,Crude oil,5,regime_features,3518,0.010811135030840137,0.46222082912169804,0.020112832310557733,2006-05-11,2026-07-10,0.597641073900907,-1.1447848584788682,0.25237618814902607,-0.42375032673214186,1.6296371336354532,,2.0,,,
USO,Crude oil,5,regime_shrunk,3518,0.01065348069648321,0.43392636131552337,0.020112832310557733,2006-05-11,2026-07-10,2.0471847790991524,-0.9284453262051517,0.35324032979522646,-2.2278325431772883,6.517497503949999,,2.0,,0.38571428571428573,0.21428571428571427
USO,Crude oil,20,rw_vol,3518,0.010442943325178962,0.4046184558736094,0.020112832310557733,2006-05-11,2026-07-10,-7.167205157822602,2.1621986241211424,0.030670090801682814,-13.274913047530589,-0.6896906180173579,,,,,
USO,Crude oil,20,ridge,3518,0.009744532676577584,0.3353745366167296,0.020112832310557733,2006-05-11,2026-07-10,0.0,,,,,,,,,
USO,Crude oil,20,har,3518,0.009386508974857214,0.32081185660442746,0.020112832310557733,2006-05-11,2026-07-10,3.674098221056127,-0.7548701193783451,0.45037746023472547,-5.6038796089799,13.946648417475583,,,,,
USO,Crude oil,20,ewma,3518,0.009881386726294662,0.33978516035524703,0.020112832310557733,2006-05-11,2026-07-10,-1.4044188085697222,0.29143619170522755,0.7707349250493651,-10.389187090312513,8.45798952749841,,,,,
USO,Crude oil,20,garch11,3518,0.009515986605517635,0.33363244990088103,0.020112832310557733,2006-05-11,2026-07-10,2.3453774403085874,-0.5400214161963972,0.5892164539555798,-5.922194686272464,11.380931581318364,,,,,
USO,Crude oil,20,regime_normal,3518,0.009600622720550633,0.3462119938862994,0.020112832310557733,2006-05-11,2026-07-10,1.4768276817713395,-0.344599573915432,0.7304160301835614,-6.65328103521885,10.341154303006006,2.5,2.0,0.7142857142857143,,
USO,Crude oil,20,regime_gate_shuffle,3518,0.009846944898518811,0.40217244773498273,0.020112832310557733,2006-05-11,2026-07-10,-1.0509710967195995,0.22717846537591108,0.8202981761161432,-9.703643676215457,8.415568553699737,2.9285714285714284,2.0,0.9285714285714286,,
USO,Crude oil,20,regime_single,3518,0.009744532676577584,0.3353745366167296,0.020112832310557733,2006-05-11,2026-07-10,0.0,,,,,2.0,2.0,0.0,,
USO,Crude oil,20,regime_features,3518,0.009746613928359675,0.33893523111606916,0.020112832310557733,2006-05-11,2026-07-10,-0.021358148729836598,0.06286288099482629,0.9498792652768651,-0.6852260257993459,0.6469455327785867,,2.0,,,
USO,Crude oil,20,regime_shrunk,3518,0.009546058722492107,0.3336929412509386,0.020112832310557733,2006-05-11,2026-07-10,2.0367724207291946,-0.8441632488420288,0.39863560289475686,-2.631735961408288,6.939188220584636,,2.0,,0.6107142857142858,0.2857142857142857
XOM,Single name (energy),1,rw_vol,3771,0.013950970318944043,115.14002964343028,0.014202284086425421,2005-02-03,2026-07-10,-32.06034828226302,11.837771559197545,0.0,-36.64608067330721,-27.309543293066763,,,,,
XOM,Single name (energy),1,ridge,3771,0.010564087177118094,1.7655088550009126,0.014202284086425421,2005-02-03,2026-07-10,0.0,,,,,,,,,
XOM,Single name (energy),1,har,3771,0.010332381869358895,1.6271016269166525,0.014202284086425421,2005-02-03,2026-07-10,2.19333013704274,-4.304802609551562,1.7138354483803298e-05,1.1883551111699475,3.2087391665612808,,,,,
XOM,Single name (energy),1,ewma,3771,0.0103167575901292,1.6171890523962298,0.014202284086425421,2005-02-03,2026-07-10,2.3412300830365385,-3.387428859264727,0.0007127396257859964,0.9794130400086698,3.722307664300528,,,,,
XOM,Single name (energy),1,garch11,3771,0.010290682636765193,1.6206111458170327,0.014202284086425421,2005-02-03,2026-07-10,2.5880564574012377,-4.286214015452713,1.862877888259007e-05,1.3958018065037714,3.795085426415934,,,,,
XOM,Single name (energy),1,regime_normal,3771,0.010699447387043383,1.7124796465435699,0.014202284086425421,2005-02-03,2026-07-10,-1.281324241799894,2.587321737493588,0.00970961348054078,-2.241578720753057,-0.3118779658384252,2.933333333333333,2.0,0.4666666666666667,,
XOM,Single name (energy),1,regime_gate_shuffle,3771,0.010699021484383972,1.708131947779765,0.014202284086425421,2005-02-03,2026-07-10,-1.2772926330837777,2.4083278171465987,0.01607348469081571,-2.3053477250267296,-0.23869429035847656,2.533333333333333,2.0,0.5333333333333333,,
XOM,Single name (energy),1,regime_single,3771,0.010564087177118094,1.7655088550009126,0.014202284086425421,2005-02-03,2026-07-10,0.0,,,,,2.0,2.0,0.0,,
XOM,Single name (energy),1,regime_features,3771,0.01063012445913743,1.7536187097942597,0.014202284086425421,2005-02-03,2026-07-10,-0.6251111043685226,3.399628307745597,0.0006817830139644876,-0.9838585031170188,-0.2650801194287178,,2.0,,,
XOM,Single name (energy),1,regime_shrunk,3771,0.010549800764209435,1.6887269245540073,0.014202284086425421,2005-02-03,2026-07-10,0.1352356589749056,-0.5849733242920768,0.5586006613659713,-0.31730100741718115,0.589832349179642,,4.0,,0.4,0.13333333333333333
XOM,Single name (energy),5,rw_vol,3771,0.0076211350557250195,0.8320651246184726,0.014202284086425421,2005-02-03,2026-07-10,-12.777045942682426,3.5575385063951366,0.00037895410674848584,-19.234821775619682,-5.926302018205165,,,,,
XOM,Single name (energy),5,ridge,3771,0.0067577005515806554,0.4328724316025324,0.014202284086425421,2005-02-03,2026-07-10,0.0,,,,,,,,,
XOM,Single name (energy),5,har,3771,0.006800544274661862,0.42754456427236626,0.014202284086425421,2005-02-03,2026-07-10,-0.6339985436493695,0.46970264926954675,0.6385946403436531,-3.2383464771148285,2.039563381752729,,,,,
XOM,Single name (energy),5,ewma,3771,0.006758329391212753,0.4288571840286005,0.014202284086425421,2005-02-03,2026-07-10,-0.009305526743859361,0.004296867168732891,0.9965718339183285,-4.168584656867647,4.3306300090347865,,,,,
XOM,Single name (energy),5,garch11,3771,0.006795231133913889,0.43954055357049643,0.014202284086425421,2005-02-03,2026-07-10,-0.555375042838428,0.47323326634285107,0.6360741653492126,-2.8243271868114705,1.765970058277,,,,,
XOM,Single name (energy),5,regime_normal,3771,0.007368823715838159,0.48578147802273025,0.014202284086425421,2005-02-03,2026-07-10,-9.043359639760288,3.3768589779667813,0.0007406124011379855,-13.965108436755425,-3.8887030530788014,3.066666666666667,4.0,0.9333333333333333,,
XOM,Single name (energy),5,regime_gate_shuffle,3771,0.007396328512401342,0.49533895618392987,0.014202284086425421,2005-02-03,2026-07-10,-9.450373776495738,3.506454656964713,0.0004594134205304634,-14.394641892137884,-4.2719259724245395,2.6,2.0,0.7333333333333333,,
XOM,Single name (energy),5,regime_single,3771,0.0067577005515806554,0.4328724316025324,0.014202284086425421,2005-02-03,2026-07-10,0.0,,,,,2.0,2.0,0.0,,
XOM,Single name (energy),5,regime_features,3771,0.007172239573957515,0.4743279891398466,0.014202284086425421,2005-02-03,2026-07-10,-6.134320679241947,4.093414545772557,4.339731272562375e-05,-8.950170576841998,-3.2416988593531704,,4.0,,,
XOM,Single name (energy),5,regime_shrunk,3771,0.006850620519040343,0.4302176965304376,0.014202284086425421,2005-02-03,2026-07-10,-1.3750234528807728,2.012475746951647,0.04424079549379023,-2.6968952909372845,-0.03568592130767101,,4.0,,0.39333333333333337,0.06666666666666667
XOM,Single name (energy),20,rw_vol,3771,0.005978233750380101,0.2743710930185683,0.014202284086425421,2005-02-03,2026-07-10,0.7314655853492936,-0.14322543673639945,0.8861197956637272,-8.855428431870326,11.34911421435576,,,,,
XOM,Single name (energy),20,ridge,3771,0.00602228469034171,0.2936483577081574,0.014202284086425421,2005-02-03,2026-07-10,0.0,,,,,,,,,
XOM,Single name (energy),20,har,3771,0.005808370691647509,0.2689809355872909,0.014202284086425421,2005-02-03,2026-07-10,3.5520406240054894,-4.749070302635,2.119571766545647e-06,2.070009265311612,5.057203273282385,,,,,
XOM,Single name (energy),20,ewma,3771,0.005738924014108218,0.27913857941254044,0.014202284086425421,2005-02-03,2026-07-10,4.705202274610729,-2.853503717978825,0.004347576917675955,1.4481865098769586,8.077548961890068,,,,,
XOM,Single name (energy),20,garch11,3771,0.005929130077958431,0.3019554908786934,0.014202284086425421,2005-02-03,2026-07-10,1.5468317619171477,-0.9835253014961406,0.325412082159954,-1.513340403412089,4.705223687898396,,,,,
XOM,Single name (energy),20,regime_normal,3771,0.006882049210329845,0.37896484386563084,0.014202284086425421,2005-02-03,2026-07-10,-14.276384531720817,2.339747311231205,0.019348711550724706,-24.989843972563676,-2.448636042641539,2.933333333333333,2.0,0.8,,
XOM,Single name (energy),20,regime_gate_shuffle,3771,0.006544551329480926,0.33282848230257583,0.014202284086425421,2005-02-03,2026-07-10,-8.6722343096268,2.3715517968184163,0.017763523408569126,-15.350422528007668,-1.555841990025142,2.2666666666666666,2.0,0.9333333333333333,,
XOM,Single name (energy),20,regime_single,3771,0.00602228469034171,0.2936483577081574,0.014202284086425421,2005-02-03,2026-07-10,0.0,,,,,2.0,2.0,0.0,,
XOM,Single name (energy),20,regime_features,3771,0.006399078876013085,0.3159517360160071,0.014202284086425421,2005-02-03,2026-07-10,-6.256665120392955,2.487896619458602,0.01289299149345191,-10.938920755554449,-1.3583426591392334,,2.0,,,
XOM,Single name (energy),20,regime_shrunk,3771,0.0062624940685452,0.30389316447390585,0.014202284086425421,2005-02-03,2026-07-10,-3.988675237966215,2.233046015838492,0.025604381164407553,-7.368602843697047,-0.495135598131613,,3.0,,0.31666666666666665,0.06666666666666667
JPM,Single name (financial),1,rw_vol,3771,0.01481206895532844,169.30629623260552,0.017167444581354392,2005-02-03,2026-07-10,-27.293031572984663,8.539846488798107,0.0,-32.76946300419004,-21.570150397458775,,,,,
JPM,Single name (financial),1,ridge,3771,0.011636197812474755,1.8656475422134056,0.017167444581354392,2005-02-03,2026-07-10,0.0,,,,,,,,,
JPM,Single name (financial),1,har,3771,0.011707646698530578,1.8961619573589248,0.017167444581354392,2005-02-03,2026-07-10,-0.6140226146656311,1.0243504670272752,0.3057354908826835,-1.7789242445893194,0.5645250777015609,,,,,
JPM,Single name (financial),1,ewma,3771,0.011673267679978436,1.8620666918790292,0.017167444581354392,2005-02-03,2026-07-10,-0.31857371369142073,0.4644701747934357,0.642337743932107,-1.6523165190658329,1.03314185947736,,,,,
JPM,Single name (financial),1,garch11,3771,0.011555102344902687,1.839938430879443,0.017167444581354392,2005-02-03,2026-07-10,0.6969241059577732,-0.8298088718586097,0.40669939400078237,-0.9419560911755331,2.3633098444903022,,,,,
JPM,Single name (financial),1,regime_normal,3771,0.011752868322664181,1.846801245733163,0.017167444581354392,2005-02-03,2026-07-10,-1.0026514852157988,1.9082924217172468,0.05642931105999738,-2.0225207834754677,0.027621479364425827,3.2,4.0,0.7333333333333333,,
JPM,Single name (financial),1,regime_gate_shuffle,3771,0.012001387426385426,1.8925074632213847,0.017167444581354392,2005-02-03,2026-07-10,-3.13839296818385,4.381939952014852,1.2082953415148978e-05,-4.512079161576232,-1.7461621755014978,2.8666666666666667,2.0,0.7333333333333333,,
JPM,Single name (financial),1,regime_single,3771,0.011636197812474755,1.8656475422134056,0.017167444581354392,2005-02-03,2026-07-10,0.0,,,,,2.0,2.0,0.0,,
JPM,Single name (financial),1,regime_features,3771,0.011696087378838647,1.8807351866838653,0.017167444581354392,2005-02-03,2026-07-10,-0.5146832954290838,2.293859971773006,0.021853293310512223,-0.9525103128068091,-0.07494080689454119,,4.0,,,
JPM,Single name (financial),1,regime_shrunk,3771,0.011610864388595474,1.8220988171428436,0.017167444581354392,2005-02-03,2026-07-10,0.21771221396839968,-0.7698776391925393,0.44142071492862067,-0.3357899098299866,0.7743018427216364,,4.0,,0.4666666666666667,0.13333333333333333
JPM,Single name (financial),5,rw_vol,3771,0.009411050771936004,1.2810081273451448,0.017167444581354392,2005-02-03,2026-07-10,-9.266822422832872,1.8026373737294827,0.07152501525887112,-18.525957886578826,0.8532689805925808,,,,,
JPM,Single name (financial),5,ridge,3771,0.008612907892130145,0.6081331290113,0.017167444581354392,2005-02-03,2026-07-10,0.0,,,,,,,,,
JPM,Single name (financial),5,har,3771,0.008614029374990596,0.5888781060280469,0.017167444581354392,2005-02-03,2026-07-10,-0.013020954995649809,0.0119640676610989,0.9904549159011351,-2.1243849074086274,2.143887628966956,,,,,
JPM,Single name (financial),5,ewma,3771,0.008439285469499215,0.5735379263082373,0.017167444581354392,2005-02-03,2026-07-10,2.0158397698595376,-1.122529270551975,0.2617089530482397,-1.478892123610387,5.63991434204646,,,,,
JPM,Single name (financial),5,garch11,3771,0.008360579244988352,0.5642806310782972,0.017167444581354392,2005-02-03,2026-07-10,2.9296568627228976,-1.8516364018132894,0.06415619243412984,-0.16972241110344566,6.131316480628534,,,,,
JPM,Single name (financial),5,regime_normal,3771,0.008751843292779298,0.5630375109355512,0.017167444581354392,2005-02-03,2026-07-10,-1.6131067740327474,1.3973655330229926,0.16238590668245667,-3.8341603012839176,0.6575916787335156,2.6,2.0,0.8,,
JPM,Single name (financial),5,regime_gate_shuffle,3771,0.00889226320794842,0.615459851142588,0.017167444581354392,2005-02-03,2026-07-10,-3.2434494751015426,2.2037264872438085,0.027603826699805323,-6.0456991979131125,-0.36298820113631614,2.6,2.0,0.6666666666666666,,
JPM,Single name (financial),5,regime_single,3771,0.008612907892130145,0.6081331290113,0.017167444581354392,2005-02-03,2026-07-10,0.0,,,,,2.0,2.0,0.0,,
JPM,Single name (financial),5,regime_features,3771,0.008825931958929768,0.626048985429178,0.017167444581354392,2005-02-03,2026-07-10,-2.473311795128662,4.524468429056531,6.2413201717959055e-06,-3.5267264011982213,-1.408955133039158,,2.0,,,
JPM,Single name (financial),5,regime_shrunk,3771,0.008703270050808025,0.5747664890583742,0.017167444581354392,2005-02-03,2026-07-10,-1.0491480903963502,1.3509429891628728,0.17679476740328148,-2.5526636098543998,0.47707879029198486,,2.0,,0.4266666666666667,0.13333333333333333
JPM,Single name (financial),20,rw_vol,3771,0.008056781584228996,0.44496258497866786,0.017167444581354392,2005-02-03,2026-07-10,-4.557619758331971,0.8560929381400173,0.39200078214255774,-14.312757227669493,6.20668875626702,,,,,
JPM,Single name (financial),20,ridge,3771,0.007705590087887371,0.413882530743185,0.017167444581354392,2005-02-03,2026-07-10,0.0,,,,,,,,,
JPM,Single name (financial),20,har,3771,0.0075987138813588435,0.4094160461153805,0.017167444581354392,2005-02-03,2026-07-10,1.3869957434736777,-0.8373910370940878,0.4024258825751921,-1.830733895787695,4.7133228030243774,,,,,
JPM,Single name (financial),20,ewma,3771,0.007444093711900595,0.4150931663141202,0.017167444581354392,2005-02-03,2026-07-10,3.3935931317944066,-1.3584737228316284,0.17439469393495766,-1.4678554056334336,8.513006304983294,,,,,
JPM,Single name (financial),20,garch11,3771,0.007480296797516484,0.40169699495677375,0.017167444581354392,2005-02-03,2026-07-10,2.9237642776382753,-1.4281757993947428,0.15332409875137243,-1.0683257916338507,7.087220439149289,,,,,
JPM,Single name (financial),20,regime_normal,3771,0.008650048560420833,0.4181004021416672,0.017167444581354392,2005-02-03,2026-07-10,-12.256796192910427,2.32153067889681,0.02031126497154112,-21.649898108062217,-2.002347391083781,2.8666666666666667,2.0,0.9333333333333333,,
JPM,Single name (financial),20,regime_gate_shuffle,3771,0.008813898022255677,0.4529337957545677,0.017167444581354392,2005-02-03,2026-07-10,-14.38316756701717,2.364838712913179,0.018088297801090114,-25.05967910693847,-2.6016311127568637,3.0,2.0,0.8666666666666667,,
JPM,Single name (financial),20,regime_single,3771,0.007705590087887371,0.413882530743185,0.017167444581354392,2005-02-03,2026-07-10,0.0,,,,,2.0,2.0,0.0,,
JPM,Single name (financial),20,regime_features,3771,0.008068194763332096,0.4307106015885442,0.017167444581354392,2005-02-03,2026-07-10,-4.705735333815816,2.613573361378245,0.008995701632444675,-8.101395193693905,-1.1961974619945082,,2.0,,,
JPM,Single name (financial),20,regime_shrunk,3771,0.007748968822319615,0.40854910206338346,0.017167444581354392,2005-02-03,2026-07-10,-0.5629514928445595,0.9710710301606357,0.33157520537684193,-1.6900535688776586,0.5769270688981032,,2.0,,0.5433333333333333,0.26666666666666666
FXE,EUR/USD,1,rw_vol,3519,0.00433964280743116,106.07336561454119,0.005061089263381626,2006-01-13,2026-07-10,-36.3713234342232,17.396083257515873,0.0,-39.87882144340838,-32.77119801374884,,,,,
FXE,EUR/USD,1,ridge,3519,0.0031822253375170372,1.498035483620555,0.005061089263381626,2006-01-13,2026-07-10,0.0,,,,,,,,,
FXE,EUR/USD,1,har,3519,0.0031618064758302555,1.490423576640901,0.005061089263381626,2006-01-13,2026-07-10,0.6416535449596337,-2.3126978863185017,0.020796685080983313,0.09741225204722426,1.188892416782139,,,,,
FXE,EUR/USD,1,ewma,3519,0.0031374166286770463,1.4789375207437911,0.005061089263381626,2006-01-13,2026-07-10,1.408093522219058,-4.18392338220633,2.935207625953673e-05,0.7457561618142705,2.074910641057004,,,,,
FXE,EUR/USD,1,garch11,3519,0.0031389748261400493,1.4861720670609555,0.005061089263381626,2006-01-13,2026-07-10,1.359127867756046,-3.8558878385744078,0.00011737277140566604,0.665715827835589,2.057448991650812,,,,,
FXE,EUR/USD,1,regime_normal,3519,0.0031886144445050133,1.4980074405541042,0.005061089263381626,2006-01-13,2026-07-10,-0.20077481354482715,0.6999261177360555,0.4840197252804024,-0.7610569030201741,0.36265781216482385,2.5714285714285716,2.0,0.6428571428571429,,
FXE,EUR/USD,1,regime_gate_shuffle,3519,0.0031928748538716046,1.498796096355944,0.005061089263381626,2006-01-13,2026-07-10,-0.3346562617365346,0.9911234377465631,0.32169347243062374,-0.9934060901222397,0.32844728490830644,2.7857142857142856,2.0,0.5,,
FXE,EUR/USD,1,regime_single,3519,0.0031822253375170372,1.498035483620555,0.005061089263381626,2006-01-13,2026-07-10,0.0,,,,,2.0,2.0,0.0,,
FXE,EUR/USD,1,regime_features,3519,0.00318825706684214,1.5058749103404423,0.005061089263381626,2006-01-13,2026-07-10,-0.1895443812225092,1.3419476770045404,0.1796995638685357,-0.46583329188061295,0.08750855072244823,,3.0,,,
FXE,EUR/USD,1,regime_shrunk,3519,0.003170719703861463,1.4923201290781511,0.005061089263381626,2006-01-13,2026-07-10,0.3615593628750305,-1.852318433543684,0.06406382095252838,-0.021102862987487647,0.7456968828684962,,2.0,,0.5285714285714286,0.0
FXE,EUR/USD,5,rw_vol,3519,0.0023243048040921884,0.6730049991987149,0.005061089263381626,2006-01-13,2026-07-10,-21.832307107470292,6.956589730420704,4.139133480407509e-12,-27.310992460527082,-16.095362995140896,,,,,
FXE,EUR/USD,5,ridge,3519,0.0019077901906937383,0.3235348850526567,0.005061089263381626,2006-01-13,2026-07-10,0.0,,,,,,,,,
FXE,EUR/USD,5,har,3519,0.0018795575166207221,0.3104982119773048,0.005061089263381626,2006-01-13,2026-07-10,1.4798626290635124,-2.776475728343717,0.005524256152093399,0.43255954656130635,2.5384191759269092,,,,,
FXE,EUR/USD,5,ewma,3519,0.0018383839231953319,0.30083076846342066,0.005061089263381626,2006-01-13,2026-07-10,3.6380450972529577,-4.69503077152529,2.7674096865215603e-06,2.1023604618740643,5.198602973261668,,,,,
FXE,EUR/USD,5,garch11,3519,0.001835873277549934,0.3046038861345181,0.005061089263381626,2006-01-13,2026-07-10,3.7696447698817868,-4.517145524647781,6.4737314893204e-06,2.115621675966084,5.452599107395462,,,,,
FXE,EUR/USD,5,regime_normal,3519,0.0019527131338624702,0.3428384414527189,0.005061089263381626,2006-01-13,2026-07-10,-2.3547108789985107,4.099060100409934,4.242001382070981e-05,-3.4620570396814543,-1.2352529080875696,3.0714285714285716,4.0,0.6428571428571429,,
FXE,EUR/USD,5,regime_gate_shuffle,3519,0.00198418263611073,0.3448558300520265,0.005061089263381626,2006-01-13,2026-07-10,-4.004237247347047,5.273068566357542,1.422488953295442e-07,-5.454327328931297,-2.533641203302217,3.0,2.0,0.7857142857142857,,
FXE,EUR/USD,5,regime_single,3519,0.0019077901906937383,0.3235348850526567,0.005061089263381626,2006-01-13,2026-07-10,0.0,,,,,2.0,2.0,0.0,,
FXE,EUR/USD,5,regime_features,3519,0.001917207654823583,0.32781479416849835,0.005061089263381626,2006-01-13,2026-07-10,-0.49363206582061997,1.7577180510090806,0.07888245563914054,-1.0414064329081762,0.057144539387310456,,4.0,,,
FXE,EUR/USD,5,regime_shrunk,3519,0.0019315264872491176,0.3338143861405947,0.005061089263381626,2006-01-13,2026-07-10,-1.2441775133956416,2.9447596337445496,0.003253232841280429,-2.064147944857808,-0.41751174480531006,,4.0,,0.4107142857142857,0.14285714285714285
FXE,EUR/USD,20,rw_vol,3519,0.0014171061701682773,0.18214494811431345,0.005061089263381626,2006-01-13,2026-07-10,-5.7753217079370565,1.685558276451471,0.09196959407304384,-12.119513394876847,0.9744877269943664,,,,,
FXE,EUR/USD,20,ridge,3519,0.0013397323187360648,0.15012880873580378,0.005061089263381626,2006-01-13,2026-07-10,0.0,,,,,,,,,
FXE,EUR/USD,20,har,3519,0.0013267832579530368,0.14751097549302972,0.005061089263381626,2006-01-13,2026-07-10,0.9665408979044807,-0.8751719178932911,0.38154011575674196,-1.1859646517269562,3.166882726247433,,,,,
FXE,EUR/USD,20,ewma,3519,0.0012881904544595917,0.14268122567133834,0.005061089263381626,2006-01-13,2026-07-10,3.8471763019868703,-2.1716275191463708,0.029950376482705376,0.36726482689324325,7.45785234754941,,,,,
FXE,EUR/USD,20,garch11,3519,0.0012828504471306223,0.146945909289875,0.005061089263381626,2006-01-13,2026-07-10,4.245763934328777,-1.865049129919161,0.06225771272547287,-0.21276233287970125,8.922287497685,,,,,
FXE,EUR/USD,20,regime_normal,3519,0.0013721099751474138,0.16112820012193044,0.005061089263381626,2006-01-13,2026-07-10,-2.4167257860805234,1.7168777681674594,0.08608952824531668,-5.108637095723201,0.34787584119453374,2.7857142857142856,3.0,0.7857142857142857,,
FXE,EUR/USD,20,regime_gate_shuffle,3519,0.0014027007390558358,0.16106457050350717,0.005061089263381626,2006-01-13,2026-07-10,-4.7000747417347455,2.8801362697131547,0.003999056619420127,-7.7824397551495395,-1.524169448842283,2.642857142857143,2.0,1.0,,
FXE,EUR/USD,20,regime_single,3519,0.0013397323187360648,0.15012880873580378,0.005061089263381626,2006-01-13,2026-07-10,0.0,,,,,2.0,2.0,0.0,,
FXE,EUR/USD,20,regime_features,3519,0.0013442218519125074,0.15294852621834398,0.005061089263381626,2006-01-13,2026-07-10,-0.33510673092353854,0.4776825474000541,0.6329058448682656,-1.698979085168495,1.0475622410135332,,2.0,,,
FXE,EUR/USD,20,regime_shrunk,3519,0.00135160188002889,0.15579622977004778,0.005061089263381626,2006-01-13,2026-07-10,-0.8859651384705901,1.033078001897874,0.30163840848516354,-2.5463573689980423,0.802215174979104,,2.0,,0.5464285714285715,0.35714285714285715
TLT,Long treasuries,1,rw_vol,3771,0.007632988852494057,58.22143399474949,0.008301875549651947,2005-02-03,2026-07-10,-28.593497731430976,13.087829380918546,0.0,-32.34591729462808,-24.728238555070426,,,,,
TLT,Long treasuries,1,ridge,3771,0.005935750241770112,1.4132284272466509,0.008301875549651947,2005-02-03,2026-07-10,0.0,,,,,,,,,
TLT,Long treasuries,1,har,3771,0.005929115986679294,1.4091309487331949,0.008301875549651947,2005-02-03,2026-07-10,0.11176776010776242,-0.3461438507149387,0.7292539254707189,-0.5196545009712006,0.7472068955907019,,,,,
TLT,Long treasuries,1,ewma,3771,0.005835775472559138,1.3633218118826795,0.008301875549651947,2005-02-03,2026-07-10,1.6842819380682021,-4.036708057806056,5.528324246273364e-05,0.8626670855434893,2.5128210548959085,,,,,
TLT,Long treasuries,1,garch11,3771,0.005925762985729797,1.3873211509730365,0.008301875549651947,2005-02-03,2026-07-10,0.16825600191252088,-0.4514386953869586,0.6516993665869442,-0.5604343824735736,0.9023044858883722,,,,,
TLT,Long treasuries,1,regime_normal,3771,0.005999341395020481,1.449341597916216,0.008301875549651947,2005-02-03,2026-07-10,-1.0713246120578912,2.139101051870904,0.03249154131237075,-2.043369054153521,-0.08984039226846985,3.533333333333333,4.0,0.6666666666666666,,
TLT,Long treasuries,1,regime_gate_shuffle,3771,0.006060377464124426,1.5687875087467904,0.008301875549651947,2005-02-03,2026-07-10,-2.099603542570027,2.6380802728282586,0.008371950315606336,-3.6324558860827194,-0.5433845368210788,3.466666666666667,4.0,0.6666666666666666,,
TLT,Long treasuries,1,regime_single,3771,0.005935750241770112,1.4132284272466509,0.008301875549651947,2005-02-03,2026-07-10,0.0,,,,,2.0,2.0,0.0,,
TLT,Long treasuries,1,regime_features,3771,0.005955745888313852,1.4148649818646741,0.008301875549651947,2005-02-03,2026-07-10,-0.3368680576050916,0.9399264817423757,0.34731548982777016,-1.0359266416137158,0.3670952401318428,,3.0,,,
TLT,Long treasuries,1,regime_shrunk,3771,0.00595643973175234,1.4162727726874291,0.008301875549651947,2005-02-03,2026-07-10,-0.348557286602721,1.6202639225400461,0.1052592292406358,-0.7687154404192764,0.07336747646811137,,2.0,,0.4766666666666667,0.2
TLT,Long treasuries,5,rw_vol,3771,0.004298197297132006,0.6163503895596215,0.008301875549651947,2005-02-03,2026-07-10,-8.522255017324483,1.330554845226481,0.18341600129284563,-19.98181045974048,4.299818041482695,,,,,
TLT,Long treasuries,5,ridge,3771,0.003960659771072617,0.35265145714570745,0.008301875549651947,2005-02-03,2026-07-10,0.0,,,,,,,,,
TLT,Long treasuries,5,har,3771,0.003875160204732602,0.336173676302427,0.008301875549651947,2005-02-03,2026-07-10,2.1587202961606726,-2.3550228281413594,0.018572546190341876,0.3582912162994112,3.9929070389377763,,,,,
TLT,Long treasuries,5,ewma,3771,0.0037216108377407793,0.30765761965428506,0.008301875549651947,2005-02-03,2026-07-10,6.035583643860913,-4.219221859090085,2.5091567655621816e-05,3.1841513083078254,8.976296908952985,,,,,
TLT,Long treasuries,5,garch11,3771,0.003896185064516735,0.3325516254278874,0.008301875549651947,2005-02-03,2026-07-10,1.6278779365696734,-1.36650628790944,0.17186160026640196,-0.699511215384252,4.011681754978291,,,,,
TLT,Long treasuries,5,regime_normal,3771,0.004005638436599964,0.3719483613643614,0.008301875549651947,2005-02-03,2026-07-10,-1.1356356800919043,0.5655981022770799,0.5717006773583906,-4.977152274890795,2.8576760156164394,3.4,4.0,0.8,,
TLT,Long treasuries,5,regime_gate_shuffle,3771,0.004085356046118127,0.47045282236028,0.008301875549651947,2005-02-03,2026-07-10,-3.1483712879417434,1.227572687069391,0.21968406288947362,-7.9865242715684515,1.9281713515235888,3.066666666666667,3.0,0.8,,
TLT,Long treasuries,5,regime_single,3771,0.003960659771072617,0.35265145714570745,0.008301875549651947,2005-02-03,2026-07-10,0.0,,,,,2.0,2.0,0.0,,
TLT,Long treasuries,5,regime_features,3771,0.003989980456562286,0.3787930918238322,0.008301875549651947,2005-02-03,2026-07-10,-0.74029801054404,0.2889652874312451,0.7726238293990835,-5.626189778043877,4.394961850961532,,4.0,,,
TLT,Long treasuries,5,regime_shrunk,3771,0.003972882875120598,0.3514059106366205,0.008301875549651947,2005-02-03,2026-07-10,-0.30861282600576695,0.663237153359541,0.5072192302119831,-1.2154002510336381,0.6064470592880622,,4.0,,0.44,0.06666666666666667
TLT,Long treasuries,20,rw_vol,3771,0.0034788783980642473,0.21829256881599912,0.008301875549651947,2005-02-03,2026-07-10,-5.747096769536805,0.6435821343247045,0.5198855847038715,-21.59207053812331,12.93528078134285,,,,,
TLT,Long treasuries,20,ridge,3771,0.0032898098428612637,0.2469898921568092,0.008301875549651947,2005-02-03,2026-07-10,0.0,,,,,,,,,
TLT,Long treasuries,20,har,3771,0.003167173226010941,0.21730105866522686,0.008301875549651947,2005-02-03,2026-07-10,3.7277722028961207,-2.9755058037123048,0.0029436309284907036,1.255686574253767,6.265031839164115,,,,,
TLT,Long treasuries,20,ewma,3771,0.0031071037936721397,0.2065839496761878,0.008301875549651947,2005-02-03,2026-07-10,5.553696350735524,-3.741304975839242,0.0001857915191445514,2.6038356911605054,8.598710490805006,,,,,
TLT,Long treasuries,20,garch11,3771,0.0032883640852925887,0.22664276975203423,0.008301875549651947,2005-02-03,2026-07-10,0.04394653909289657,-0.020364810080821378,0.9837534332047331,-4.101896871431787,4.369354730143026,,,,,
TLT,Long treasuries,20,regime_normal,3771,0.003403039215221798,0.26193055867222864,0.008301875549651947,2005-02-03,2026-07-10,-3.441821192377934,1.6888089318279857,0.09133874826631727,-7.299149370437719,0.5650298558285249,3.066666666666667,3.0,0.7333333333333333,,
TLT,Long treasuries,20,regime_gate_shuffle,3771,0.0034168541998823164,0.28265982718223925,0.008301875549651947,2005-02-03,2026-07-10,-3.8617538122069,1.5991112929830722,0.10987967227872941,-8.408903270626379,0.8938069465135978,2.8,3.0,0.8666666666666667,,
TLT,Long treasuries,20,regime_single,3771,0.0032898098428612637,0.2469898921568092,0.008301875549651947,2005-02-03,2026-07-10,0.0,,,,,2.0,2.0,0.0,,
TLT,Long treasuries,20,regime_features,3771,0.0032974970629271075,0.24936944447218382,0.008301875549651947,2005-02-03,2026-07-10,-0.23366761098744493,0.11340392554911448,0.9097163658770224,-4.190635715964786,3.8860693000075552,,4.0,,,
TLT,Long treasuries,20,regime_shrunk,3771,0.003322531877898037,0.24776276218375354,0.008301875549651947,2005-02-03,2026-07-10,-0.9946482197984329,0.8639120998949615,0.3876911392273925,-3.216385926073162,1.2770765503695491,,2.0,,0.5266666666666667,0.26666666666666666
KO,Single name (staples),1,rw_vol,3771,0.009689420689077653,107.4334763521605,0.009754836765759516,2005-02-03,2026-07-10,-27.04311852114438,8.76770800141403,0.0,-32.33647061757734,-21.519407798253233,,,,,
KO,Single name (staples),1,ridge,3771,0.007626875663844002,1.932392058723994,0.009754836765759516,2005-02-03,2026-07-10,0.0,,,,,,,,,
KO,Single name (staples),1,har,3771,0.0075613653463659945,1.9189841597810702,0.009754836765759516,2005-02-03,2026-07-10,0.8589404149928167,-1.981318691470694,0.04762808353909964,0.008946618232141823,1.7162849965451255,,,,,
KO,Single name (staples),1,ewma,3771,0.007524162216726396,1.873436336687306,0.009754836765759516,2005-02-03,2026-07-10,1.346730321100286,-2.640492874975219,0.00831268768813409,0.34502924952050096,2.358707293499507,,,,,
KO,Single name (staples),1,garch11,3771,0.007549744958645182,1.8734229629974266,0.009754836765759516,2005-02-03,2026-07-10,1.0113014633825275,-1.7755875575545779,0.07588157456316114,-0.10478400726177117,2.1401149867519287,,,,,
KO,Single name (staples),1,regime_normal,3771,0.00781639761358125,2.1169790903926793,0.009754836765759516,2005-02-03,2026-07-10,-2.484922504187337,3.710484529810338,0.0002098466230973095,-3.7739135342361063,-1.1795115187232863,3.6,4.0,0.5333333333333333,,
KO,Single name (staples),1,regime_gate_shuffle,3771,0.007790951572636069,2.093276245870882,0.009754836765759516,2005-02-03,2026-07-10,-2.1512860052234144,3.077487320776859,0.002102533720326649,-3.498503341535608,-0.7860618890531468,2.8,2.0,0.5333333333333333,,
KO,Single name (staples),1,regime_single,3771,0.007626875663844002,1.932392058723994,0.009754836765759516,2005-02-03,2026-07-10,0.0,,,,,2.0,2.0,0.0,,
KO,Single name (staples),1,regime_features,3771,0.007697482329230674,1.9751757743447387,0.009754836765759516,2005-02-03,2026-07-10,-0.9257613274252022,4.194132913626077,2.802171186622182e-05,-1.3556184273007865,-0.4940655574257935,,3.0,,,
KO,Single name (staples),1,regime_shrunk,3771,0.007731526281833684,1.9916518740201448,0.009754836765759516,2005-02-03,2026-07-10,-1.3721295928002166,2.694368378791464,0.007083476637187669,-2.359017062688995,-0.37553956178320025,,4.0,,0.26666666666666666,0.06666666666666667
KO,Single name (staples),5,rw_vol,3771,0.005948469950245695,1.2841098688490793,0.009754836765759516,2005-02-03,2026-07-10,-5.3125883687248265,0.8214023898229155,0.41146904225783354,-17.02228744963712,7.873636900746728,,,,,
KO,Single name (staples),5,ridge,3771,0.005648394026190548,0.6110059518393363,0.009754836765759516,2005-02-03,2026-07-10,0.0,,,,,,,,,
KO,Single name (staples),5,har,3771,0.005607257037658025,0.6017579874342454,0.009754836765759516,2005-02-03,2026-07-10,0.7282953055643505,-0.7546481784586482,0.45050724409945864,-1.1529482357702125,2.645884683337285,,,,,
KO,Single name (staples),5,ewma,3771,0.005509093859193499,0.5827498849121058,0.009754836765759516,2005-02-03,2026-07-10,2.466190679176069,-2.0580858493899457,0.039650485485479336,0.11545060530804285,4.875004791164262,,,,,
KO,Single name (staples),5,garch11,3771,0.005509327309588484,0.5842650286021573,0.009754836765759516,2005-02-03,2026-07-10,2.462057638989737,-1.827305131313964,0.06773291651269853,-0.17722094417380596,5.174767050422158,,,,,
KO,Single name (staples),5,regime_normal,3771,0.006073809455447696,1.0170888724862606,0.009754836765759516,2005-02-03,2026-07-10,-7.53161743470049,2.7295079283762553,0.006372347326776717,-12.63116676974696,-2.1778731836350484,3.2666666666666666,4.0,0.7333333333333333,,
KO,Single name (staples),5,regime_gate_shuffle,3771,0.006004865140102344,0.9842685832980528,0.009754836765759516,2005-02-03,2026-07-10,-6.311017118474836,2.431211595794865,0.01509472701495862,-11.139667746897652,-1.252352933838008,3.2,3.0,0.8,,
KO,Single name (staples),5,regime_single,3771,0.005648394026190548,0.6110059518393363,0.009754836765759516,2005-02-03,2026-07-10,0.0,,,,,2.0,2.0,0.0,,
KO,Single name (staples),5,regime_features,3771,0.005826279505645284,0.7019243688725703,0.009754836765759516,2005-02-03,2026-07-10,-3.149310735581012,3.3222207494330327,0.0009015524347679715,-4.963535269551023,-1.3026005301374877,,4.0,,,
KO,Single name (staples),5,regime_shrunk,3771,0.00595117135250274,0.7836515958969308,0.009754836765759516,2005-02-03,2026-07-10,-5.360414392272748,2.636342105660898,0.008414880287884285,-9.176333686516692,-1.4009960729835624,,3.0,,0.31,0.06666666666666667
KO,Single name (staples),20,rw_vol,3771,0.005142615804319679,0.4542718543593991,0.009754836765759516,2005-02-03,2026-07-10,-4.776208438135344,0.5466215229037579,0.5846711286374888,-20.358157870712557,13.570713624884046,,,,,
KO,Single name (staples),20,ridge,3771,0.0049081904002625885,0.40903538603822787,0.009754836765759516,2005-02-03,2026-07-10,0.0,,,,,,,,,
KO,Single name (staples),20,har,3771,0.004846421847955582,0.3984920941812022,0.009754836765759516,2005-02-03,2026-07-10,1.258479139352503,-0.9665908263541314,0.33381062303022846,-1.277860590189528,3.8617098237049508,,,,,
KO,Single name (staples),20,ewma,3771,0.004686117737898498,0.3843978350133712,0.009754836765759516,2005-02-03,2026-07-10,4.524532348056628,-2.3484369879441305,0.018903773325863682,0.7330072307840552,8.472987630585227,,,,,
KO,Single name (staples),20,garch11,3771,0.004638934520438057,0.3783504507060758,0.009754836765759516,2005-02-03,2026-07-10,5.485848303890698,-2.3008897011372857,0.021452183564115046,0.7922278501468538,10.425072220329689,,,,,
KO,Single name (staples),20,regime_normal,3771,0.0052100645190434995,0.6111297432997371,0.009754836765759516,2005-02-03,2026-07-10,-6.150415818521644,1.9033250158012112,0.05707423823862423,-12.133720345099807,0.19093068033815275,3.066666666666667,3.0,0.8666666666666667,,
KO,Single name (staples),20,regime_gate_shuffle,3771,0.005178120888519929,0.5879656019752931,0.009754836765759516,2005-02-03,2026-07-10,-5.499592848779854,1.7062498100414871,0.08804393896249474,-11.484514991671757,0.8459224258106302,3.0,3.0,0.7333333333333333,,
KO,Single name (staples),20,regime_single,3771,0.0049081904002625885,0.40903538603822787,0.009754836765759516,2005-02-03,2026-07-10,0.0,,,,,2.0,2.0,0.0,,
KO,Single name (staples),20,regime_features,3771,0.0049897875870788325,0.432929337865029,0.009754836765759516,2005-02-03,2026-07-10,-1.6624698750863156,2.0512751072876063,0.04030912106695017,-3.22642425883366,-0.07407704765978185,,2.0,,,
KO,Single name (staples),20,regime_shrunk,3771,0.004997212900083932,0.4461257774101417,0.009754836765759516,2005-02-03,2026-07-10,-1.8137540022200584,1.8622047281965972,0.0626519806399084,-3.689057207965729,0.09674468080446141,,3.0,,0.4666666666666667,0.2
GLD,Gold,1,rw_vol,3771,0.00956177646761895,110.22771537872877,0.010168394813589816,2005-02-03,2026-07-10,-37.03204886315259,11.783380150474585,0.0,-42.26132804802094,-31.595134307010888,,,,,
GLD,Gold,1,ridge,3771,0.006977766549464529,1.7329173810189673,0.010168394813589816,2005-02-03,2026-07-10,0.0,,,,,,,,,
GLD,Gold,1,har,3771,0.0069784447693927625,1.7651855340912104,0.010168394813589816,2005-02-03,2026-07-10,-0.009719727987822599,0.031008651042457418,0.9752642818626001,-0.6223655768645697,0.6067023091739454,,,,,
GLD,Gold,1,ewma,3771,0.006949532666322603,1.7422260970913348,0.010168394813589816,2005-02-03,2026-07-10,0.4046263649232194,-1.474498972594397,0.1404307920735568,-0.13303382146556686,0.9452048776520616,,,,,
GLD,Gold,1,garch11,3771,0.0069491450020066235,1.734149334766756,0.010168394813589816,2005-02-03,2026-07-10,0.41018207265908285,-1.2287541935044874,0.21924067454290785,-0.24350467190563663,1.0681879237246616,,,,,
GLD,Gold,1,regime_normal,3771,0.007034630030870774,1.8188896573410445,0.010168394813589816,2005-02-03,2026-07-10,-0.8149238155668634,2.0551336467909476,0.03993484896897326,-1.5862665735246084,-0.037633776143919384,3.3333333333333335,4.0,0.4666666666666667,,
GLD,Gold,1,regime_gate_shuffle,3771,0.007031901323374976,1.8315630417496875,0.010168394813589816,2005-02-03,2026-07-10,-0.7758180719674728,2.3338548805806423,0.01965560625716578,-1.4229702880939055,-0.12448309024615245,2.8,2.0,0.7333333333333333,,
GLD,Gold,1,regime_single,3771,0.006977766549464529,1.7329173810189673,0.010168394813589816,2005-02-03,2026-07-10,0.0,,,,,2.0,2.0,0.0,,
GLD,Gold,1,regime_features,3771,0.006963073145687628,1.7227700590736195,0.010168394813589816,2005-02-03,2026-07-10,0.21057459679600327,-1.4052007198238952,0.1600439949964252,-0.08310551972825486,0.5051215683431698,,4.0,,,
GLD,Gold,1,regime_shrunk,3771,0.007009204700272709,1.782923067204516,0.010168394813589816,2005-02-03,2026-07-10,-0.45054747225088354,1.5863454405705506,0.11274483455184825,-1.0046105264679417,0.10658866898991537,,4.0,,0.26666666666666666,0.0
GLD,Gold,5,rw_vol,3771,0.005405329142864044,0.8462107791351298,0.010168394813589816,2005-02-03,2026-07-10,-17.00590984869095,4.965556061270957,7.153947916282988e-07,-23.07513454512875,-10.604146105552692,,,,,
GLD,Gold,5,ridge,3771,0.004619706089935181,0.4501915372115126,0.010168394813589816,2005-02-03,2026-07-10,0.0,,,,,,,,,
GLD,Gold,5,har,3771,0.004647311205877312,0.44618124287333766,0.010168394813589816,2005-02-03,2026-07-10,-0.5975513464433018,0.7844185296017887,0.432843853236055,-2.0757878865247603,0.9027336343438885,,,,,
GLD,Gold,5,ewma,3771,0.0046006149619362445,0.4357140306398098,0.010168394813589816,2005-02-03,2026-07-10,0.4132541687128101,-0.44966399574500837,0.6529785871734646,-1.376248194900831,2.235506483914873,,,,,
GLD,Gold,5,garch11,3771,0.004609613154625772,0.4349622294343174,0.010168394813589816,2005-02-03,2026-07-10,0.21847570198023433,-0.2808854498195118,0.7788136744038869,-1.2966609688245256,1.7569765375696544,,,,,
GLD,Gold,5,regime_normal,3771,0.004751945766901488,0.4820127634187182,0.010168394813589816,2005-02-03,2026-07-10,-2.8625127744471377,3.5248028568118226,0.00042883678570548867,-4.4207647240009695,-1.2802891139309436,3.2666666666666666,4.0,0.6,,
GLD,Gold,5,regime_gate_shuffle,3771,0.004687099587679179,0.4666763889033348,0.010168394813589816,2005-02-03,2026-07-10,-1.4588265234194437,1.0631543203921971,0.2877800671947752,-4.095489289115073,1.2482097950707094,2.8666666666666667,2.0,0.7333333333333333,,
GLD,Gold,5,regime_single,3771,0.004619706089935181,0.4501915372115126,0.010168394813589816,2005-02-03,2026-07-10,0.0,,,,,2.0,2.0,0.0,,
GLD,Gold,5,regime_features,3771,0.004648219344901026,0.4577903058330157,0.010168394813589816,2005-02-03,2026-07-10,-0.6172092858453792,1.6048829976057009,0.10860331409154189,-1.3661186830972394,0.13731631851935377,,4.0,,,
GLD,Gold,5,regime_shrunk,3771,0.0046586351198890825,0.45581495617175016,0.010168394813589816,2005-02-03,2026-07-10,-0.8426733042328153,2.2146214796319064,0.026845642414643933,-1.5828543928515515,-0.09701899501892708,,4.0,,0.5166666666666667,0.13333333333333333
GLD,Gold,20,rw_vol,3771,0.004102885355078011,0.3531264277470452,0.010168394813589816,2005-02-03,2026-07-10,-8.899455432483597,2.3339837332863866,0.019648850017843777,-15.848028374104729,-1.4761898615413882,,,,,
GLD,Gold,20,ridge,3771,0.003767590332553823,0.28563459279617925,0.010168394813589816,2005-02-03,2026-07-10,0.0,,,,,,,,,
GLD,Gold,20,har,3771,0.003816961184597919,0.2836452169342587,0.010168394813589816,2005-02-03,2026-07-10,-1.310409245334026,1.0407689912141584,0.298049513950694,-3.7339953677119064,1.1725936393874203,,,,,
GLD,Gold,20,ewma,3771,0.003751177737353917,0.27282163572678264,0.010168394813589816,2005-02-03,2026-07-10,0.43562579132059404,-0.2809197979111987,0.7787873307975341,-2.566093077447018,3.5307003551888205,,,,,
GLD,Gold,20,garch11,3771,0.003767716603417118,0.2717932673649394,0.010168394813589816,2005-02-03,2026-07-10,-0.0033515019455244723,0.00217986524152579,0.9982608358899838,-2.97356721180968,3.057826107940753,,,,,
GLD,Gold,20,regime_normal,3771,0.0038937742413906193,0.3008242877113103,0.010168394813589816,2005-02-03,2026-07-10,-3.3491939860474136,2.783974874152871,0.005396495425099346,-5.644140430733402,-1.002115758942379,3.4,4.0,0.8,,
GLD,Gold,20,regime_gate_shuffle,3771,0.0038931431727897547,0.3329718819391786,0.010168394813589816,2005-02-03,2026-07-10,-3.3324440598303324,4.430206112778772,9.681685466667034e-06,-4.77339401076915,-1.871114150283315,3.3333333333333335,4.0,0.7333333333333333,,
GLD,Gold,20,regime_single,3771,0.003767590332553823,0.28563459279617925,0.010168394813589816,2005-02-03,2026-07-10,0.0,,,,,2.0,2.0,0.0,,
GLD,Gold,20,regime_features,3771,0.003791478056978133,0.28785946422784325,0.010168394813589816,2005-02-03,2026-07-10,-0.6340318961408471,1.5008089769841915,0.13348871759251635,-1.456335547032439,0.19504657225200006,,2.0,,,
GLD,Gold,20,regime_shrunk,3771,0.003821898608101802,0.29323603957348093,0.010168394813589816,2005-02-03,2026-07-10,-1.441459149067488,2.4133556348803498,0.015853781527276567,-2.597582416427402,-0.2720068159017375,,4.0,,0.5700000000000001,0.13333333333333333
